"bestAnswers";"id";"reputation";"profile_1";"profile_2"
"20";"50179";"1";"1";"1"
"9";"50181";"4364";"4";"4"
"1";"50184";"310";"4";"4"
"4";"50185";"1247";"4";"4"
"3";"50186";"1653";"4";"4"
"11";"50188";"3595";"4";"4"
"14";"50196";"9576";"4";"4"
"2";"50197";"573";"4";"4"
"1";"50198";"121";"4";"4"
"2";"50199";"1004";"4";"4"
"1";"50202";"197";"4";"4"
"29";"50204";"15785";"4";"4"
"3";"50206";"2843";"4";"4"
"1";"50209";"590";"4";"4"
"1";"50210";"248";"4";"4"
"6";"50213";"4657";"4";"4"
"4";"50217";"879";"4";"4"
"1";"50219";"128";"4";"4"
"5";"50221";"789";"4";"4"
"6";"50231";"1047";"4";"4"
"2";"50235";"400";"4";"4"
"1";"50238";"2088";"4";"4"
"10";"50247";"1717";"4";"4"
"3";"50248";"532";"4";"4"
"9";"50252";"2029";"4";"4"
"24";"50255";"10285";"4";"4"
"3";"50257";"2772";"4";"4"
"12";"50258";"7745";"4";"4"
"1";"50264";"469";"4";"4"
"1";"50265";"401";"4";"4"
"2";"50268";"144";"4";"4"
"2";"50275";"417";"4";"4"
"3";"50278";"540";"4";"4"
"6";"50287";"1223";"4";"4"
"2";"50294";"876";"4";"4"
"3";"50297";"1007";"4";"4"
"6";"50306";"4295";"4";"4"
"5";"50310";"1435";"4";"4"
"4";"50312";"1628";"4";"4"
"4";"50317";"681";"4";"4"
"2";"50318";"484";"4";"4"
"3";"50321";"738";"4";"4"
"6";"50332";"1900";"4";"4"
"1";"50342";"318";"4";"4"
"1";"50348";"373";"4";"4"
"27";"50357";"13535";"4";"4"
"1";"50359";"21";"1";"1"
"31";"50360";"12184";"4";"4"
"1";"50370";"213";"4";"4"
"1";"50381";"16";"1";"1"
"2";"50387";"382";"4";"4"
"1";"50391";"156";"4";"4"
"1";"50392";"338";"4";"4"
"1";"50393";"1";"1";"1"
"1";"50412";"628";"4";"4"
"1";"50415";"769";"4";"4"
"1";"50422";"218";"4";"4"
"1";"50425";"260";"4";"4"
"1";"50426";"226";"4";"4"
"2";"50430";"1152";"4";"4"
"2";"50433";"181";"4";"4"
"67";"50441";"29705";"4";"4"
"2";"50457";"75";"1";"1"
"2";"50461";"272";"4";"4"
"1";"50464";"164";"4";"4"
"19";"50469";"9212";"4";"4"
"1";"50473";"166";"4";"4"
"1";"50484";"11";"1";"1"
"10";"50486";"1340";"4";"4"
"1";"50487";"429";"4";"4"
"1";"50488";"262";"4";"4"
"4";"50490";"1544";"4";"4"
"1";"50499";"83";"1";"1"
"1";"50502";"181";"4";"4"
"1";"50508";"249";"4";"4"
"3";"50510";"188";"4";"4"
"3";"50513";"197";"4";"4"
"1";"50516";"51";"1";"1"
"7";"50518";"4539";"4";"4"
"1";"50521";"181";"4";"4"
"1";"50522";"180";"4";"4"
"1";"50529";"109";"1";"4"
"2";"50533";"405";"4";"4"
"2";"50537";"405";"4";"4"
"1";"50543";"346";"4";"4"
"1";"50548";"2751";"4";"4"
"1";"50553";"357";"4";"4"
"2";"50560";"179";"4";"4"
"1";"50561";"253";"4";"4"
"95";"50562";"35626";"4";"4"
"1";"50567";"113";"4";"4"
"1";"50575";"61";"1";"1"
"2";"50583";"244";"4";"4"
"2";"50587";"475";"4";"4"
"1";"50599";"134";"4";"4"
"12";"50605";"4842";"4";"4"
"1";"50611";"519";"4";"4"
"1";"50614";"144";"4";"4"
"1";"50620";"113";"4";"4"
"36";"50621";"14057";"4";"4"
"1";"50623";"437";"4";"4"
"2";"50638";"421";"4";"4"
"1";"50644";"160";"4";"4"
"2";"50647";"864";"4";"4"
"1";"50649";"28";"1";"1"
"1";"50661";"128";"4";"4"
"1";"50667";"31";"1";"1"
"2";"50672";"417";"4";"4"
"1";"50676";"213";"4";"4"
"1";"50682";"36";"1";"1"
"1";"50690";"151";"4";"4"
"1";"50695";"155";"4";"4"
"1";"50698";"153";"4";"4"
"3";"50701";"1653";"4";"4"
"1";"50705";"356";"4";"4"
"1";"50708";"181";"4";"4"
"1";"50714";"97";"1";"1"
"1";"50720";"555";"4";"4"
"1";"50723";"106";"1";"4"
"1";"50725";"139";"4";"4"
"1";"50728";"167";"4";"4"
"2";"50730";"128";"4";"4"
"1";"50741";"200";"4";"4"
"2";"50745";"197";"4";"4"
"2";"50751";"333";"4";"4"
"1";"50753";"236";"4";"4"
"1";"50757";"400";"4";"4"
"1";"50760";"204";"4";"4"
"1";"50762";"352";"4";"4"
"1";"50767";"134";"4";"4"
"1";"50768";"201";"4";"4"
"2";"50771";"346";"4";"4"
"10";"50775";"2973";"4";"4"
"1";"50778";"111";"1";"4"
"1";"50779";"133";"4";"4"
"1";"50783";"41";"1";"1"
"1";"50785";"151";"4";"4"
"4";"50793";"161";"4";"4"
"1";"50795";"301";"4";"4"
"1";"50796";"27";"1";"1"
"1";"50801";"113";"4";"4"
"9";"50803";"1852";"4";"4"
"1";"50805";"256";"4";"4"
"1";"50818";"133";"4";"4"
"1";"50819";"138";"4";"4"
"1";"50823";"137";"4";"4"
"3";"50825";"766";"4";"4"
"5";"50828";"1180";"4";"4"
"1";"50831";"87";"1";"1"
"1";"50837";"19";"1";"1"
"1";"50838";"193";"4";"4"
"1";"50844";"208";"4";"4"
"1";"50845";"498";"4";"4"
"1";"50853";"39";"1";"1"
"1";"50854";"491";"4";"4"
"2";"50856";"392";"4";"4"
"1";"50870";"65";"1";"1"
"1";"50873";"21";"1";"1"
"3";"50875";"514";"4";"4"
"1";"50876";"166";"4";"4"
"1";"50880";"111";"1";"4"
"2";"50881";"93";"1";"1"
"1";"50884";"133";"4";"4"
"3";"50888";"459";"4";"4"
"2";"50896";"381";"4";"4"
"1";"50899";"190";"4";"4"
"1";"50932";"165";"4";"4"
"1";"50933";"128";"4";"4"
"1";"50936";"36";"1";"1"
"10";"50939";"6848";"4";"4"
"1";"50946";"108";"1";"4"
"5";"50947";"1102";"4";"4"
"1";"50948";"21";"1";"1"
"1";"50955";"38";"1";"1"
"1";"50966";"18";"1";"1"
"2";"50968";"739";"4";"4"
"1";"50974";"105";"1";"4"
"1";"50975";"162";"4";"4"
"1";"50982";"136";"4";"4"
"1";"50983";"306";"4";"4"
"1";"50993";"133";"4";"4"
"1";"50996";"367";"4";"4"
"1";"50997";"86";"1";"1"
"1";"50999";"26";"1";"1"
"1";"51015";"126";"4";"4"
"3";"51017";"587";"4";"4"
"2";"51024";"573";"4";"4"
"2";"51035";"201";"4";"4"
"1";"51043";"66";"1";"1"
"1";"51048";"48";"1";"1"
"1";"51060";"120";"4";"4"
"1";"51065";"475";"4";"4"
"1";"51072";"121";"4";"4"
"1";"51076";"3";"1";"1"
"1";"51078";"365";"4";"4"
"1";"51084";"71";"1";"1"
"2";"51087";"145";"4";"4"
"1";"51088";"38";"1";"1"
"1";"51092";"26";"1";"1"
"1";"51093";"112";"4";"4"
"2";"51094";"177";"4";"4"
"1";"51104";"138";"4";"4"
"1";"51109";"133";"4";"4"
"1";"51121";"213";"4";"4"
"1";"51140";"143";"4";"4"
"1";"51154";"23";"1";"1"
"1";"51171";"123";"4";"4"
"1";"51195";"313";"4";"4"
"5";"51196";"2580";"4";"4"
"2";"51242";"230";"4";"4"
"1";"51259";"131";"4";"4"
"1";"51266";"173";"4";"4"
"1";"51282";"151";"4";"4"
"2";"51290";"193";"4";"4"
"14";"51307";"5166";"4";"4"
"5";"51322";"681";"4";"4"
"1";"51334";"66";"1";"1"
"1";"51344";"171";"4";"4"
"2";"51361";"1354";"4";"4"
"2";"51362";"430";"4";"4"
"3";"51377";"442";"4";"4"
"15";"51381";"4498";"4";"4"
"2";"51407";"1791";"4";"4"
"6";"51426";"1560";"4";"4"
"11";"51446";"3456";"4";"4"
"1";"51465";"117";"4";"4"
"1";"51478";"814";"4";"4"
"27";"51502";"14863";"4";"4"
"1";"51505";"248";"4";"4"
"5";"51532";"743";"4";"4"
"2";"51546";"451";"4";"4"
"3";"51551";"108";"1";"4"
"1";"51564";"126";"4";"4"
"11";"51567";"5057";"4";"4"
"8";"51579";"2905";"4";"4"
"1";"51592";"226";"4";"4"
"1";"51595";"143";"4";"4"
"1";"51598";"108";"1";"4"
"1";"51607";"106";"1";"4"
"2";"51641";"304";"4";"4"
"13";"51655";"954";"4";"4"
"1";"51657";"256";"4";"4"
"1";"51661";"31";"1";"1"
"1";"51664";"183";"4";"4"
"1";"51665";"51";"1";"1"
"1";"51666";"68";"1";"1"
"1";"51670";"337";"4";"4"
"1";"51674";"9";"1";"1"
"1";"51684";"101";"1";"1"
"1";"51685";"121";"4";"4"
"2";"51688";"437";"4";"4"
"1";"51689";"108";"1";"4"
"1";"51702";"31";"1";"1"
"1";"51707";"197";"4";"4"
"1";"51723";"450";"4";"4"
"1";"51728";"116";"4";"4"
"1";"51734";"1";"1";"1"
"1";"51735";"128";"4";"4"
"5";"51738";"596";"4";"4"
"6";"51743";"6138";"4";"4"
"1";"51745";"16";"1";"1"
"1";"51748";"33";"1";"1"
"2";"51750";"125";"4";"4"
"1";"51754";"23";"1";"1"
"1";"51765";"155";"4";"4"
"1";"51775";"293";"4";"4"
"1";"51798";"106";"1";"4"
"1";"51799";"1";"1";"1"
"2";"51803";"47";"1";"1"
"6";"51818";"3003";"4";"4"
"1";"51820";"1";"1";"1"
"7";"51826";"3658";"4";"4"
"4";"51827";"1331";"4";"4"
"1";"51828";"353";"4";"4"
"1";"51835";"273";"4";"4"
"1";"51852";"270";"4";"4"
"1";"51854";"191";"4";"4"
"2";"51872";"142";"4";"4"
"1";"51878";"51";"1";"1"
"2";"51879";"340";"4";"4"
"1";"51904";"8";"1";"1"
"1";"51910";"146";"4";"4"
"1";"51915";"121";"4";"4"
"1";"51924";"118";"4";"4"
"1";"51928";"432";"4";"4"
"1";"51937";"181";"4";"4"
"1";"51946";"296";"4";"4"
"1";"51968";"722";"4";"4"
"1";"51970";"18";"1";"1"
"1";"51972";"18";"1";"1"
"1";"51975";"242";"4";"4"
"1";"51985";"106";"1";"4"
"1";"51992";"121";"4";"4"
"3";"51994";"2443";"4";"4"
"1";"51997";"21";"1";"1"
"4";"52000";"1486";"4";"4"
"23";"52001";"6139";"4";"4"
"1";"52004";"366";"4";"4"
"3";"52014";"590";"4";"4"
"1";"52015";"629";"4";"4"
"9";"52022";"1460";"4";"4"
"2";"52024";"349";"4";"4"
"3";"52036";"260";"4";"4"
"9";"52044";"1041";"4";"4"
"1";"52051";"181";"4";"4"
"1";"52052";"128";"4";"4"
"2";"52071";"157";"4";"4"
"1";"52073";"352";"4";"4"
"1";"52078";"6";"1";"1"
"1";"52087";"399";"4";"4"
"1";"52092";"980";"4";"4"
"1";"52103";"116";"4";"4"
"1";"52128";"118";"4";"4"
"2";"52169";"161";"4";"4"
"7";"52190";"1030";"4";"4"
"1";"52197";"193";"4";"4"
"1";"52203";"20";"1";"1"
"3";"52219";"633";"4";"4"
"11";"52236";"3559";"4";"4"
"1";"52241";"150";"4";"4"
"17";"52303";"9261";"4";"4"
"1";"52310";"145";"4";"4"
"1";"52325";"113";"4";"4"
"1";"52326";"123";"4";"4"
"1";"52328";"143";"4";"4"
"1";"52335";"187";"4";"4"
"1";"52388";"108";"1";"4"
"3";"52390";"630";"4";"4"
"5";"52393";"682";"4";"4"
"1";"52398";"231";"4";"4"
"5";"52406";"877";"4";"4"
"1";"52433";"313";"4";"4"
"1";"52438";"31";"1";"1"
"2";"52444";"91";"1";"1"
"1";"52447";"107";"1";"4"
"1";"52448";"16";"1";"1"
"1";"52452";"3";"1";"1"
"1";"52453";"153";"4";"4"
"1";"52456";"6";"1";"1"
"1";"52457";"155";"4";"4"
"1";"52461";"1";"1";"1"
"1";"52462";"271";"4";"4"
"1";"52466";"11";"1";"1"
"1";"52474";"311";"4";"4"
"1";"52477";"173";"4";"4"
"1";"52478";"123";"4";"4"
"1";"52486";"158";"4";"4"
"5";"52491";"1278";"4";"4"
"1";"52497";"168";"4";"4"
"3";"52503";"307";"4";"4"
"6";"52507";"1441";"4";"4"
"6";"52516";"2052";"4";"4"
"1";"52522";"123";"4";"4"
"1";"52527";"407";"4";"4"
"1";"52539";"16";"1";"1"
"1";"52542";"108";"1";"4"
"1";"52546";"1";"1";"1"
"3";"52547";"381";"4";"4"
"1";"52558";"31";"1";"1"
"1";"52560";"113";"4";"4"
"1";"52561";"147";"4";"4"
"4";"52564";"1048";"4";"4"
"3";"52565";"328";"4";"4"
"1";"52578";"86";"1";"1"
"1";"52581";"111";"1";"4"
"2";"52582";"31";"1";"1"
"3";"52583";"350";"4";"4"
"1";"52594";"153";"4";"4"
"1";"52597";"26";"1";"1"
"22";"52599";"6741";"4";"4"
"1";"52602";"8";"1";"1"
"2";"52607";"213";"4";"4"
"1";"52611";"118";"4";"4"
"2";"52612";"136";"4";"4"
"3";"52616";"1147";"4";"4"
"1";"52624";"780";"4";"4"
"1";"52626";"11";"1";"1"
"1";"52636";"54";"1";"1"
"1";"52638";"302";"4";"4"
"1";"52641";"55";"1";"1"
"1";"52651";"96";"1";"1"
"1";"52658";"331";"4";"4"
"3";"52659";"528";"4";"4"
"1";"52660";"46";"1";"1"
"1";"52664";"18";"1";"1"
"2";"52671";"512";"4";"4"
"1";"52689";"153";"4";"4"
"1";"52693";"103";"1";"4"
"1";"52694";"131";"4";"4"
"1";"52695";"180";"4";"4"
"2";"52697";"343";"4";"4"
"1";"52701";"126";"4";"4"
"8";"52703";"2213";"4";"4"
"1";"52714";"1";"1";"1"
"1";"52716";"149";"4";"4"
"1";"52722";"130";"4";"4"
"1";"52727";"138";"4";"4"
"1";"52732";"26";"1";"1"
"1";"52742";"151";"4";"4"
"1";"52748";"224";"4";"4"
"1";"52752";"18";"1";"1"
"1";"52753";"118";"4";"4"
"1";"52760";"138";"4";"4"
"1";"52762";"43";"1";"1"
"1";"52769";"78";"1";"1"
"1";"52774";"3";"1";"1"
"1";"52781";"1";"1";"1"
"1";"52787";"210";"4";"4"
"1";"52790";"21";"1";"1"
"1";"52794";"36";"1";"1"
"1";"52798";"21";"1";"1"
"1";"52799";"247";"4";"4"
"7";"52803";"1632";"4";"4"
"2";"52807";"73";"1";"1"
"1";"52809";"199";"4";"4"
"1";"52817";"62";"1";"1"
"1";"52820";"111";"4";"4"
"1";"52822";"521";"4";"4"
"1";"52827";"1";"1";"1"
"1";"52835";"11";"1";"1"
"1";"52843";"351";"4";"4"
"1";"52852";"52";"1";"1"
"2";"52855";"377";"4";"4"
"1";"52869";"113";"4";"4"
"1";"52878";"121";"4";"4"
"3";"52907";"753";"4";"4"
"117";"52914";"60667";"4";"4"
"1";"52919";"6";"1";"1"
"1";"52924";"108";"1";"4"
"1";"52930";"141";"4";"4"
"56";"52957";"7468";"4";"4"
"1";"52960";"21";"1";"1"
"1";"52964";"8";"1";"1"
"1";"52967";"168";"4";"4"
"17";"52978";"8120";"4";"4"
"1";"52986";"106";"1";"4"
"1";"52992";"20";"1";"1"
"1";"52993";"11";"1";"1"
"11";"52998";"2689";"4";"4"
"1";"53000";"163";"4";"4"
"1";"53004";"227";"4";"4"
"1";"53014";"6";"1";"1"
"2";"53021";"122";"4";"4"
"1";"53025";"9";"1";"1"
"2";"53047";"108";"1";"4"
"1";"53051";"88";"1";"1"
"1";"53056";"111";"4";"4"
"1";"53057";"6";"1";"1"
"1";"53062";"196";"4";"4"
"1";"53065";"146";"4";"4"
"1";"53068";"303";"4";"4"
"1";"53086";"111";"1";"4"
"3";"53087";"221";"4";"4"
"2";"53090";"284";"4";"4"
"1";"53092";"1";"1";"1"
"1";"53103";"60";"1";"1"
"1";"53121";"280";"4";"4"
"1";"53128";"1";"1";"1"
"1";"53129";"111";"1";"4"
"1";"53132";"359";"4";"4"
"1";"53136";"101";"1";"1"
"1";"53156";"6";"1";"1"
"1";"53181";"429";"4";"4"
"1";"53182";"240";"4";"4"
"1";"53183";"870";"4";"4"
"7";"53187";"640";"4";"4"
"1";"53196";"252";"4";"4"
"1";"53208";"190";"4";"4"
"1";"53215";"36";"1";"1"
"3";"53218";"138";"4";"4"
"2";"53222";"466";"4";"4"
"3";"53225";"232";"4";"4"
"4";"53233";"1273";"4";"4"
"1";"53240";"912";"4";"4"
"1";"53251";"45";"1";"1"
"1";"53255";"116";"4";"4"
"2";"53266";"36";"1";"1"
"1";"53281";"11";"1";"1"
"1";"53287";"210";"4";"4"
"1";"53294";"151";"4";"4"
"2";"53297";"568";"4";"4"
"1";"53312";"31";"1";"1"
"4";"53314";"944";"4";"4"
"1";"53328";"38";"1";"1"
"1";"53334";"291";"4";"4"
"1";"53346";"104";"1";"4"
"1";"53354";"103";"1";"4"
"1";"53355";"11";"1";"1"
"1";"53356";"86";"1";"1"
"1";"53361";"108";"1";"4"
"1";"53363";"296";"4";"4"
"1";"53369";"48";"1";"1"
"1";"53370";"124";"4";"4"
"1";"53374";"18";"1";"1"
"1";"53376";"28";"1";"1"
"1";"53377";"32";"1";"1"
"1";"53380";"124";"4";"4"
"2";"53382";"313";"4";"4"
"1";"53390";"148";"4";"4"
"2";"53396";"195";"4";"4"
"1";"53398";"6";"1";"1"
"1";"53406";"108";"1";"4"
"1";"53419";"131";"4";"4"
"1";"53423";"304";"4";"4"
"1";"53427";"76";"1";"1"
"1";"53430";"36";"1";"1"
"1";"53431";"1";"1";"1"
"5";"53438";"335";"4";"4"
"1";"53451";"131";"4";"4"
"1";"53453";"131";"4";"4"
"26";"53459";"6516";"4";"4"
"1";"53464";"147";"4";"4"
"63";"53468";"24262";"4";"4"
"1";"53473";"31";"1";"1"
"2";"53478";"155";"4";"4"
"1";"53485";"6";"1";"1"
"1";"53487";"343";"4";"4"
"1";"53496";"43";"1";"1"
"1";"53497";"1";"1";"1"
"2";"53498";"359";"4";"4"
"1";"53501";"306";"4";"4"
"1";"53507";"26";"1";"1"
"1";"53516";"24";"1";"1"
"1";"53518";"103";"1";"4"
"22";"53528";"4468";"4";"4"
"27";"53529";"16229";"4";"4"
"1";"53546";"11";"1";"1"
"1";"53552";"103";"1";"4"
"7";"53565";"968";"4";"4"
"2";"53575";"363";"4";"4"
"91";"53584";"4251";"4";"4"
"1";"53586";"183";"4";"4"
"1";"53588";"11";"1";"1"
"1";"53595";"113";"4";"4"
"1";"53608";"238";"4";"4"
"1";"53610";"113";"4";"4"
"1";"53617";"50";"1";"1"
"2";"53624";"110";"1";"4"
"1";"53627";"41";"1";"1"
"1";"53633";"6";"1";"1"
"48";"53643";"29094";"4";"4"
"11";"53653";"3800";"4";"4"
"1";"53658";"34";"1";"1"
"2";"53662";"380";"4";"4"
"1";"53666";"11";"1";"1"
"1";"53669";"111";"1";"4"
"1";"53678";"6";"1";"1"
"1";"53679";"11";"1";"1"
"1";"53680";"4";"1";"1"
"1";"53684";"8";"1";"1"
"1";"53686";"116";"4";"4"
"1";"53689";"161";"4";"4"
"1";"53699";"121";"4";"4"
"1";"53700";"157";"4";"4"
"1";"53706";"532";"4";"4"
"1";"53709";"156";"4";"4"
"1";"53710";"8";"1";"1"
"4";"53714";"268";"4";"4"
"1";"53718";"141";"4";"4"
"1";"53720";"46";"1";"1"
"1";"53733";"128";"4";"4"
"1";"53736";"224";"4";"4"
"2";"53737";"163";"4";"4"
"1";"53741";"31";"1";"1"
"1";"53754";"631";"4";"4"
"3";"53758";"28";"1";"1"
"1";"53761";"31";"1";"1"
"2";"53766";"108";"1";"4"
"2";"53771";"375";"4";"4"
"2";"53778";"125";"4";"4"
"1";"53779";"1";"1";"1"
"7";"53786";"1628";"4";"4"
"1";"53793";"106";"1";"4"
"2";"53796";"46";"1";"1"
"10";"53803";"1390";"4";"4"
"1";"53808";"16";"1";"1"
"1";"53810";"155";"4";"4"
"2";"53813";"499";"4";"4"
"1";"53814";"55";"1";"1"
"1";"53828";"21";"1";"1"
"1";"53829";"332";"4";"4"
"1";"53832";"138";"4";"4"
"1";"53835";"6";"1";"1"
"1";"53845";"36";"1";"1"
"2";"53848";"115";"4";"4"
"1";"53850";"42";"1";"1"
"1";"53855";"606";"4";"4"
"1";"53856";"148";"4";"4"
"1";"53863";"202";"4";"4"
"8";"53864";"1309";"4";"4"
"1";"53873";"171";"4";"4"
"1";"53877";"232";"4";"4"
"1";"53884";"16";"1";"1"
"16";"53888";"3730";"4";"4"
"1";"53891";"11";"1";"1"
"1";"53894";"13";"1";"1"
"1";"53900";"11";"1";"1"
"1";"53901";"53";"1";"1"
"1";"53906";"28";"1";"1"
"1";"53908";"148";"4";"4"
"1";"53910";"16";"1";"1"
"1";"53914";"70";"1";"1"
"1";"53920";"508";"4";"4"
"1";"53931";"11";"1";"1"
"1";"53932";"13";"1";"1"
"1";"53933";"101";"1";"1"
"1";"53936";"6";"1";"1"
"1";"53938";"9";"1";"1"
"15";"53948";"2785";"4";"4"
"3";"53953";"1239";"4";"4"
"1";"53959";"46";"1";"1"
"1";"53960";"121";"4";"4"
"1";"53974";"18";"1";"1"
"20";"53980";"6743";"4";"4"
"1";"53997";"91";"1";"1"
"12";"54000";"2497";"4";"4"
"1";"54007";"421";"4";"4"
"1";"54013";"479";"4";"4"
"1";"54023";"6";"1";"1"
"1";"54026";"1";"1";"1"
"20";"54029";"7876";"4";"4"
"1";"54032";"161";"4";"4"
"3";"54034";"1058";"4";"4"
"1";"54059";"179";"4";"4"
"13";"54066";"4487";"4";"4"
"1";"54072";"133";"4";"4"
"1";"54076";"111";"4";"4"
"1";"54078";"21";"1";"1"
"1";"54079";"128";"4";"4"
"1";"54080";"127";"4";"4"
"1";"54089";"156";"4";"4"
"1";"54093";"280";"4";"4"
"1";"54134";"73";"1";"1"
"1";"54136";"176";"4";"4"
"2";"54141";"159";"4";"4"
"1";"54143";"16";"1";"1"
"2";"54145";"558";"4";"4"
"1";"54154";"108";"1";"4"
"1";"54155";"101";"1";"1"
"3";"54159";"131";"4";"4"
"1";"54164";"6";"1";"1"
"2";"54168";"204";"4";"4"
"1";"54172";"22";"1";"1"
"1";"54176";"31";"1";"1"
"1";"54182";"261";"4";"4"
"1";"54191";"159";"4";"4"
"1";"54192";"85";"1";"1"
"1";"54202";"127";"4";"4"
"1";"54203";"118";"4";"4"
"1";"54211";"11";"1";"1"
"1";"54220";"11";"1";"1"
"1";"54225";"1";"1";"1"
"1";"54226";"127";"4";"4"
"6";"54228";"945";"4";"4"
"1";"54229";"31";"1";"1"
"4";"54238";"296";"4";"4"
"2";"54244";"148";"4";"4"
"1";"54253";"61";"1";"1"
"1";"54255";"401";"4";"4"
"3";"54262";"1014";"4";"4"
"23";"54269";"3594";"4";"4"
"1";"54270";"101";"1";"1"
"1";"54272";"21";"1";"1"
"1";"54288";"439";"4";"4"
"1";"54289";"95";"1";"1"
"1";"54292";"16";"1";"1"
"1";"54296";"1";"1";"1"
"1";"54301";"113";"4";"4"
"1";"54311";"6";"1";"1"
"2";"54312";"102";"1";"4"
"2";"54314";"233";"4";"4"
"3";"54316";"431";"4";"4"
"2";"54317";"192";"4";"4"
"2";"54319";"199";"4";"4"
"1";"54323";"111";"4";"4"
"2";"54328";"348";"4";"4"
"1";"54330";"186";"4";"4"
"1";"54332";"25";"1";"1"
"1";"54335";"198";"4";"4"
"2";"54337";"241";"4";"4"
"1";"54342";"108";"1";"4"
"1";"54351";"3";"1";"1"
"1";"54377";"120";"4";"4"
"1";"54381";"8";"1";"1"
"1";"54382";"75";"1";"1"
"1";"54384";"101";"1";"4"
"6";"54387";"382";"4";"4"
"1";"54390";"131";"4";"4"
"1";"54413";"19";"1";"1"
"2";"54426";"277";"4";"4"
"1";"54436";"11";"1";"1"
"1";"54444";"118";"4";"4"
"1";"54451";"21";"1";"1"
"2";"54452";"311";"4";"4"
"27";"54453";"5638";"4";"4"
"1";"54455";"266";"4";"4"
"2";"54456";"177";"4";"4"
"1";"54457";"11";"1";"1"
"1";"54463";"141";"4";"4"
"13";"54477";"2109";"4";"4"
"3";"54478";"433";"4";"4"
"1";"54484";"116";"4";"4"
"3";"54487";"59";"1";"1"
"5";"54490";"1242";"4";"4"
"1";"54496";"6";"1";"1"
"5";"54501";"1082";"4";"4"
"4";"54511";"1065";"4";"4"
"5";"54531";"811";"4";"4"
"1";"54534";"73";"1";"1"
"2";"54537";"325";"4";"4"
"1";"54539";"285";"4";"4"
"1";"54540";"405";"4";"4"
"1";"54543";"143";"4";"4"
"1";"54546";"6";"1";"1"
"2";"54547";"117";"4";"4"
"4";"54552";"1275";"4";"4"
"1";"54553";"1";"1";"1"
"1";"54559";"26";"1";"1"
"2";"54570";"199";"4";"4"
"1";"54577";"473";"4";"4"
"1";"54580";"131";"4";"4"
"1";"54584";"123";"4";"4"
"1";"54594";"6";"1";"1"
"1";"54595";"16";"1";"1"
"1";"54599";"101";"1";"4"
"1";"54606";"49";"1";"1"
"1";"54653";"6";"1";"1"
"1";"54664";"287";"4";"4"
"1";"54666";"5";"1";"1"
"1";"54672";"161";"4";"4"
"1";"54683";"178";"4";"4"
"3";"54685";"629";"4";"4"
"2";"54690";"165";"4";"4"
"12";"54697";"5829";"4";"4"
"4";"54699";"521";"4";"4"
"2";"54703";"166";"4";"4"
"1";"54715";"31";"1";"1"
"79";"54718";"34064";"4";"4"
"1";"54722";"51";"1";"1"
"1";"54725";"92";"1";"1"
"3";"54733";"31";"1";"1"
"29";"54738";"10378";"4";"4"
"1";"54747";"102";"1";"4"
"2";"54750";"325";"4";"4"
"1";"54760";"437";"4";"4"
"1";"54769";"91";"1";"1"
"1";"54781";"156";"4";"4"
"1";"54790";"26";"1";"1"
"1";"54793";"115";"4";"4"
"1";"54797";"18";"1";"1"
"1";"54803";"103";"1";"4"
"2";"54805";"61";"1";"1"
"20";"54808";"6645";"4";"4"
"1";"54813";"131";"4";"4"
"1";"54817";"152";"4";"4"
"1";"54834";"196";"4";"4"
"2";"54836";"293";"4";"4"
"1";"54842";"79";"1";"1"
"1";"54850";"131";"4";"4"
"1";"54852";"13";"1";"1"
"1";"54855";"282";"4";"4"
"2";"54856";"641";"4";"4"
"1";"54858";"16";"1";"1"
"1";"54859";"13";"1";"1"
"1";"54863";"134";"4";"4"
"1";"54864";"514";"4";"4"
"1";"54867";"116";"4";"4"
"1";"54869";"1";"1";"1"
"1";"54870";"128";"4";"4"
"1";"54872";"194";"4";"4"
"1";"54874";"129";"4";"4"
"3";"54887";"224";"4";"4"
"1";"54893";"173";"4";"4"
"1";"54897";"319";"4";"4"
"2";"54898";"388";"4";"4"
"3";"54901";"503";"4";"4"
"1";"54902";"31";"1";"1"
"1";"54903";"128";"4";"4"
"2";"54916";"388";"4";"4"
"3";"54920";"338";"4";"4"
"1";"54927";"118";"4";"4"
"1";"54931";"106";"1";"4"
"1";"54932";"319";"4";"4"
"4";"54951";"689";"4";"4"
"1";"54954";"13";"1";"1"
"2";"54966";"83";"1";"1"
"6";"54969";"1575";"4";"4"
"1";"54973";"245";"4";"4"
"1";"54978";"224";"4";"4"
"1";"54979";"323";"4";"4"
"1";"54980";"26";"1";"1"
"1";"54987";"36";"1";"1"
"1";"54991";"34";"1";"1"
"1";"54993";"221";"4";"4"
"1";"54996";"51";"1";"1"
"1";"55000";"206";"4";"4"
"2";"55003";"719";"4";"4"
"1";"55008";"23";"1";"1"
"1";"55016";"18";"1";"1"
"1";"55018";"71";"1";"1"
"1";"55024";"408";"4";"4"
"1";"55031";"399";"4";"4"
"1";"55052";"26";"1";"1"
"2";"55056";"54";"1";"1"
"1";"55058";"18";"1";"1"
"4";"55059";"314";"4";"4"
"5";"55076";"1419";"4";"4"
"1";"55080";"1";"1";"1"
"8";"55082";"2064";"4";"4"
"1";"55083";"18";"1";"1"
"1";"55098";"227";"4";"4"
"1";"55099";"23";"1";"1"
"42";"55106";"24469";"4";"4"
"1";"55108";"13";"1";"1"
"7";"55114";"3648";"4";"4"
"1";"55124";"108";"1";"4"
"1";"55126";"6";"1";"1"
"1";"55130";"8";"1";"1"
"1";"55162";"11";"1";"1"
"1";"55166";"126";"4";"4"
"3";"55176";"396";"4";"4"
"1";"55183";"85";"1";"1"
"1";"55197";"113";"4";"4"
"1";"55198";"123";"4";"4"
"1";"55206";"264";"4";"4"
"1";"55212";"225";"4";"4"
"1";"55218";"11";"1";"1"
"9";"55220";"2660";"4";"4"
"1";"55225";"353";"4";"4"
"1";"55230";"21";"1";"1"
"1";"55237";"23";"1";"1"
"3";"55238";"476";"4";"4"
"1";"55242";"28";"1";"1"
"1";"55254";"106";"1";"4"
"3";"55258";"944";"4";"4"
"1";"55279";"101";"1";"1"
"1";"55280";"135";"4";"4"
"2";"55285";"135";"4";"4"
"1";"55292";"1";"1";"1"
"1";"55297";"91";"1";"1"
"1";"55311";"140";"4";"4"
"8";"55313";"1799";"4";"4"
"3";"55321";"1145";"4";"4"
"1";"55323";"146";"4";"4"
"1";"55331";"323";"4";"4"
"1";"55333";"18";"1";"1"
"1";"55334";"270";"4";"4"
"1";"55338";"11";"1";"1"
"1";"55340";"31";"1";"1"
"2";"55350";"6";"1";"1"
"1";"55351";"143";"4";"4"
"2";"55353";"70";"1";"1"
"1";"55355";"113";"4";"4"
"1";"55358";"24";"1";"1"
"2";"55369";"234";"4";"4"
"2";"55373";"220";"4";"4"
"1";"55418";"350";"4";"4"
"1";"55430";"16";"1";"1"
"1";"55463";"66";"1";"1"
"5";"55471";"1120";"4";"4"
"2";"55473";"328";"4";"4"
"1";"55490";"204";"4";"4"
"1";"55501";"176";"4";"4"
"1";"55510";"36";"1";"1"
"2";"55518";"446";"4";"4"
"1";"55579";"163";"4";"4"
"1";"55587";"153";"4";"4"
"1";"55589";"183";"4";"4"
"1";"55608";"23";"1";"1"
"1";"55614";"1";"1";"1"
"1";"55615";"36";"1";"1"
"1";"55617";"107";"1";"4"
"1";"55628";"1";"1";"1"
"5";"55629";"614";"4";"4"
"3";"55638";"684";"4";"4"
"1";"55648";"6";"1";"1"
"1";"55652";"6";"1";"1"
"1";"55654";"6";"1";"1"
"1";"55657";"1";"1";"1"
"1";"55658";"33";"1";"1"
"2";"55660";"373";"4";"4"
"1";"55672";"95";"1";"1"
"1";"55676";"3";"1";"1"
"3";"55679";"326";"4";"4"
"1";"55689";"13";"1";"1"
"1";"55694";"75";"1";"1"
"1";"55697";"11";"1";"1"
"1";"55703";"126";"4";"4"
"11";"55704";"2138";"4";"4"
"1";"55725";"16";"1";"1"
"1";"55727";"402";"4";"4"
"1";"55728";"6";"1";"1"
"2";"55731";"421";"4";"4"
"1";"55736";"255";"4";"4"
"1";"55741";"36";"1";"1"
"4";"55753";"229";"4";"4"
"3";"55754";"675";"4";"4"
"1";"55759";"66";"1";"1"
"9";"55767";"1546";"4";"4"
"1";"55774";"13";"1";"1"
"2";"55776";"41";"1";"1"
"1";"55782";"6";"1";"1"
"4";"55784";"66";"1";"1"
"1";"55796";"16";"1";"1"
"1";"55811";"131";"4";"4"
"1";"55825";"56";"1";"1"
"1";"55827";"126";"4";"4"
"1";"55830";"21";"1";"1"
"2";"55831";"469";"4";"4"
"11";"55851";"2905";"4";"4"
"2";"55853";"321";"4";"4"
"3";"55860";"547";"4";"4"
"1";"55867";"91";"1";"1"
"1";"55868";"1";"1";"1"
"1";"55870";"69";"1";"1"
"1";"55874";"1";"1";"1"
"1";"55898";"4";"1";"1"
"1";"55900";"131";"4";"4"
"1";"55905";"10";"1";"1"
"1";"55916";"556";"4";"4"
"1";"55922";"71";"1";"1"
"1";"55927";"8";"1";"1"
"1";"55930";"21";"1";"1"
"6";"55955";"1625";"4";"4"
"1";"55964";"13";"1";"1"
"1";"55965";"847";"4";"4"
"1";"55967";"6";"1";"1"
"1";"55979";"1";"1";"1"
"1";"55987";"33";"1";"1"
"2";"55989";"549";"4";"4"
"1";"55994";"13";"1";"1"
"1";"55998";"43";"1";"1"
"1";"56007";"31";"1";"1"
"1";"56010";"41";"1";"1"
"23";"56011";"10704";"4";"4"
"1";"56014";"218";"4";"4"
"1";"56018";"126";"4";"4"
"1";"56021";"96";"1";"1"
"1";"56026";"28";"1";"1"
"1";"56031";"66";"1";"1"
"4";"56035";"633";"4";"4"
"1";"56037";"71";"1";"1"
"1";"56042";"26";"1";"1"
"1";"56043";"123";"4";"4"
"1";"56048";"31";"1";"1"
"7";"56061";"1224";"4";"4"
"4";"56062";"745";"4";"4"
"1";"56068";"247";"4";"4"
"1";"56085";"215";"4";"4"
"1";"56089";"4";"1";"1"
"1";"56093";"121";"4";"4"
"3";"56099";"1040";"4";"4"
"2";"56103";"21";"1";"1"
"1";"56106";"71";"1";"1"
"1";"56110";"21";"1";"1"
"1";"56111";"18";"1";"1"
"1";"56116";"185";"4";"4"
"1";"56139";"1";"1";"1"
"8";"56142";"10456";"4";"4"
"2";"56158";"128";"4";"4"
"1";"56173";"73";"1";"1"
"1";"56174";"28";"1";"1"
"2";"56181";"75";"1";"1"
"1";"56185";"11";"1";"1"
"1";"56189";"16";"1";"1"
"1";"56193";"29";"1";"1"
"1";"56273";"210";"4";"4"
"1";"56282";"53";"1";"1"
"1";"56293";"88";"1";"1"
"25";"56319";"9405";"4";"4"
"1";"56324";"26";"1";"1"
"7";"56344";"3420";"4";"4"
"1";"56345";"106";"1";"4"
"1";"56372";"411";"4";"4"
"3";"56376";"796";"4";"4"
"11";"56378";"4204";"4";"4"
"2";"56380";"106";"1";"4"
"2";"56385";"96";"1";"1"
"3";"56397";"358";"4";"4"
"3";"56408";"640";"4";"4"
"1";"56430";"13";"1";"1"
"1";"56441";"52";"1";"1"
"1";"56445";"11";"1";"1"
"1";"56454";"11";"1";"1"
"1";"56457";"72";"1";"1"
"1";"56467";"8";"1";"1"
"1";"56473";"33";"1";"1"
"1";"56482";"74";"1";"1"
"2";"56490";"549";"4";"4"
"1";"56493";"6";"1";"1"
"1";"56494";"6";"1";"1"
"1";"56498";"18";"1";"1"
"1";"56500";"18";"1";"1"
"1";"56513";"91";"1";"1"
"1";"56517";"148";"4";"4"
"1";"56524";"16";"1";"1"
"1";"56541";"514";"4";"4"
"2";"56547";"395";"4";"4"
"1";"56549";"29";"1";"1"
"1";"56561";"11";"1";"1"
"1";"56562";"128";"4";"4"
"2";"56576";"61";"1";"1"
"3";"56579";"462";"4";"4"
"1";"56583";"16";"1";"1"
"1";"56590";"225";"4";"4"
"1";"56600";"166";"4";"4"
"1";"56605";"11";"1";"1"
"1";"56627";"16";"1";"1"
"1";"56628";"19";"1";"1"
"1";"56630";"21";"1";"1"
"1";"56642";"166";"4";"4"
"2";"56645";"16";"1";"1"
"1";"56654";"148";"4";"4"
"1";"56662";"7";"1";"1"
"4";"56666";"612";"4";"4"
"1";"56674";"59";"1";"1"
"2";"56680";"11";"1";"1"
"1";"56683";"11";"1";"1"
"2";"56710";"234";"4";"4"
"1";"56715";"326";"4";"4"
"3";"56722";"104";"1";"4"
"1";"56725";"109";"1";"4"
"1";"56731";"9";"1";"1"
"1";"56733";"94";"1";"1"
"1";"56754";"21";"1";"1"
"20";"56777";"13563";"4";"4"
"1";"56779";"21";"1";"1"
"3";"56783";"276";"4";"4"
"1";"56788";"1";"1";"1"
"1";"56796";"11";"1";"1"
"1";"56798";"11";"1";"1"
"2";"56800";"139";"4";"4"
"3";"56802";"2825";"4";"4"
"1";"56808";"71";"1";"1"
"1";"56809";"24";"1";"1"
"1";"56815";"864";"4";"4"
"1";"56830";"60";"1";"1"
"1";"56835";"6";"1";"1"
"1";"56849";"245";"4";"4"
"1";"56857";"123";"4";"4"
"1";"56898";"645";"4";"4"
"2";"56903";"1631";"4";"4"
"2";"56905";"311";"4";"4"
"6";"56915";"1417";"4";"4"
"1";"56917";"751";"4";"4"
"2";"56955";"495";"4";"4"
"1";"56961";"167";"4";"4"
"1";"56986";"138";"4";"4"
"2";"56988";"139";"4";"4"
"1";"56994";"6";"1";"1"
"1";"57001";"11";"1";"1"
"1";"57017";"161";"4";"4"
"1";"57048";"156";"4";"4"
"4";"57052";"1391";"4";"4"
"1";"57054";"65";"1";"1"
"1";"57066";"1";"1";"1"
"1";"57071";"1";"1";"1"
"1";"57089";"288";"4";"4"
"1";"57118";"26";"1";"1"
"1";"57167";"381";"4";"4"
"4";"57240";"581";"4";"4"
"2";"57257";"125";"4";"4"
"11";"57278";"1";"1";"1"
"2";"57282";"141";"4";"4"
"2";"57287";"799";"4";"4"
"1";"57309";"138";"4";"4"
"1";"57315";"330";"4";"4"
"1";"57344";"206";"4";"4"
"1";"57356";"153";"4";"4"
"1";"57357";"377";"4";"4"
"5";"57362";"797";"4";"4"
"1";"57367";"1095";"4";"4"
"1";"57371";"403";"4";"4"
"1";"57378";"162";"4";"4"
"2";"57384";"294";"4";"4"
"1";"57393";"65";"1";"1"
"1";"57394";"4";"1";"1"
"3";"57404";"877";"4";"4"
"3";"57418";"198";"4";"4"
"1";"57422";"11";"1";"1"
"1";"57426";"286";"4";"4"
"1";"57430";"439";"4";"4"
"1";"57431";"1";"1";"1"
"1";"57432";"116";"4";"4"
"1";"57439";"14";"1";"1"
"1";"57444";"16";"1";"1"
"15";"57446";"3756";"4";"4"
"1";"57449";"1";"1";"1"
"1";"57454";"2";"1";"1"
"2";"57468";"966";"4";"4"
"1";"57481";"113";"4";"4"
"1";"57486";"8";"1";"1"
"1";"57487";"1";"1";"1"
"1";"57489";"36";"1";"1"
"4";"57492";"637";"4";"4"
"1";"57510";"296";"4";"4"
"4";"57523";"414";"4";"4"
"1";"57529";"11";"1";"1"
"4";"57535";"2263";"4";"4"
"2";"57536";"134";"4";"4"
"3";"57547";"56";"1";"1"
"1";"57554";"16";"1";"1"
"1";"57556";"133";"4";"4"
"1";"57584";"46";"1";"1"
"1";"57588";"53";"1";"1"
"1";"57590";"29";"1";"1"
"4";"57606";"401";"4";"4"
"1";"57609";"1";"1";"1"
"1";"57610";"198";"4";"4"
"1";"57612";"16";"1";"1"
"1";"57616";"21";"1";"1"
"1";"57627";"14";"1";"1"
"1";"57637";"146";"4";"4"
"1";"57639";"6";"1";"1"
"21";"57646";"16508";"4";"4"
"1";"57650";"174";"4";"4"
"1";"57656";"158";"4";"4"
"4";"57659";"1602";"4";"4"
"1";"57661";"331";"4";"4"
"1";"57671";"121";"4";"4"
"1";"57678";"6";"1";"1"
"1";"57682";"73";"1";"1"
"3";"57684";"636";"4";"4"
"1";"57701";"255";"4";"4"
"1";"57703";"12";"1";"1"
"1";"57709";"103";"1";"4"
"1";"57728";"131";"4";"4"
"1";"57730";"1";"1";"1"
"1";"57737";"16";"1";"1"
"1";"57738";"141";"4";"4"
"1";"57743";"237";"4";"4"
"1";"57748";"35";"1";"1"
"1";"57753";"46";"1";"1"
"2";"57767";"904";"4";"4"
"1";"57790";"341";"4";"4"
"1";"57819";"21";"1";"1"
"1";"57826";"158";"4";"4"
"1";"57862";"497";"4";"4"
"1";"57883";"343";"4";"4"
"1";"57908";"133";"4";"4"
"1";"57940";"392";"4";"4"
"2";"58000";"960";"4";"4"
"1";"58015";"1";"1";"1"
"1";"58022";"456";"4";"4"
"1";"58026";"31";"1";"1"
"1";"58027";"33";"1";"1"
"1";"58042";"26";"1";"1"
"1";"58049";"138";"4";"4"
"1";"58055";"46";"1";"1"
"1";"58057";"160";"4";"4"
"1";"58059";"71";"1";"1"
"2";"58060";"135";"4";"4"
"1";"58063";"21";"1";"1"
"1";"58064";"86";"1";"1"
"1";"58082";"119";"4";"4"
"1";"58087";"24";"1";"1"
"1";"58097";"383";"4";"4"
"1";"58103";"57";"1";"1"
"1";"58106";"108";"1";"4"
"10";"58110";"5555";"4";"4"
"1";"58113";"136";"4";"4"
"1";"58115";"482";"4";"4"
"1";"58120";"142";"4";"4"
"1";"58122";"123";"4";"4"
"2";"58123";"70";"1";"1"
"1";"58124";"33";"1";"1"
"1";"58125";"26";"1";"1"
"4";"58126";"634";"4";"4"
"1";"58129";"165";"4";"4"
"2";"58130";"105";"1";"4"
"1";"58133";"127";"4";"4"
"1";"58136";"429";"4";"4"
"3";"58138";"405";"4";"4"
"1";"58153";"31";"1";"1"
"1";"58156";"131";"4";"4"
"1";"58161";"130";"4";"4"
"1";"58162";"50";"1";"1"
"1";"58163";"129";"4";"4"
"1";"58164";"171";"4";"4"
"1";"58165";"101";"1";"4"
"1";"58171";"71";"1";"1"
"1";"58176";"31";"1";"1"
"1";"58196";"1";"1";"1"
"2";"58198";"427";"4";"4"
"1";"58201";"1";"1";"1"
"1";"58207";"1";"1";"1"
"1";"58240";"21";"1";"1"
"1";"58242";"21";"1";"1"
"1";"58246";"154";"4";"4"
"1";"58259";"174";"4";"4"
"2";"58262";"130";"4";"4"
"1";"58281";"11";"1";"1"
"1";"58287";"113";"4";"4"
"1";"58293";"126";"4";"4"
"1";"58294";"16";"1";"1"
"2";"58301";"277";"4";"4"
"1";"58305";"83";"1";"1"
"3";"58322";"621";"4";"4"
"1";"58342";"4";"1";"1"
"1";"58352";"26";"1";"1"
"1";"58393";"19";"1";"1"
"1";"58399";"43";"1";"1"
"1";"58443";"74";"1";"1"
"7";"58500";"3966";"4";"4"
"1";"58508";"408";"4";"4"
"23";"58549";"21699";"4";"4"
"1";"58570";"141";"4";"4"
"6";"58580";"1278";"4";"4"
"1";"58589";"121";"4";"4"
"1";"58592";"628";"4";"4"
"1";"58603";"11";"1";"1"
"1";"58617";"68";"1";"1"
"2";"58661";"378";"4";"4"
"2";"58670";"718";"4";"4"
"2";"58681";"354";"4";"4"
"1";"58698";"73";"1";"1"
"1";"58725";"165";"4";"4"
"1";"58729";"326";"4";"4"
"1";"58730";"108";"1";"4"
"1";"58777";"11";"1";"1"
"2";"58812";"86";"1";"1"
"1";"58848";"626";"4";"4"
"1";"58870";"71";"1";"1"
"1";"58895";"157";"4";"4"
"8";"58903";"4369";"4";"4"
"1";"58917";"305";"4";"4"
"1";"58932";"249";"4";"4"
"1";"58969";"25";"1";"1"
"10";"59034";"5421";"4";"4"
"1";"59058";"126";"4";"4"
"1";"59099";"74";"1";"1"
"1";"59145";"511";"4";"4"
"1";"59159";"129";"4";"4"
"2";"59161";"1";"1";"1"
"6";"59164";"744";"4";"4"
"1";"59168";"8";"1";"1"
"1";"59182";"140";"4";"4"
"1";"59193";"205";"4";"4"
"4";"59197";"3853";"4";"4"
"1";"59214";"4";"1";"1"
"1";"59217";"36";"1";"1"
"4";"59220";"169";"4";"4"
"1";"59222";"131";"4";"4"
"4";"59226";"273";"4";"4"
"12";"59230";"3129";"4";"4"
"1";"59241";"9";"1";"1"
"2";"59242";"546";"4";"4"
"4";"59244";"530";"4";"4"
"1";"59254";"1";"1";"1"
"1";"59270";"6";"1";"1"
"2";"59286";"473";"4";"4"
"1";"59291";"170";"4";"4"
"2";"59303";"66";"1";"1"
"2";"59312";"144";"4";"4"
"1";"59316";"31";"1";"1"
"1";"59317";"1";"1";"1"
"1";"59362";"16";"1";"1"
"1";"59370";"163";"4";"4"
"1";"59378";"46";"1";"1"
"1";"59382";"11";"1";"1"
"1";"59384";"372";"4";"4"
"1";"59398";"111";"4";"4"
"1";"59402";"142";"4";"4"
"1";"59407";"301";"4";"4"
"1";"59408";"31";"1";"1"
"1";"59418";"128";"4";"4"
"1";"59421";"13";"1";"1"
"2";"59441";"350";"4";"4"
"1";"59442";"5";"1";"1"
"10";"59443";"1879";"4";"4"
"1";"59447";"6";"1";"1"
"1";"59456";"292";"4";"4"
"1";"59460";"136";"4";"4"
"1";"59464";"1";"1";"1"
"1";"59469";"1";"1";"1"
"10";"59471";"2705";"4";"4"
"1";"59483";"111";"1";"4"
"3";"59493";"515";"4";"4"
"1";"59494";"11";"1";"1"
"19";"59504";"4471";"4";"4"
"1";"59507";"18";"1";"1"
"1";"59509";"26";"1";"1"
"1";"59516";"31";"1";"1"
"1";"59522";"127";"4";"4"
"1";"59528";"6";"1";"1"
"1";"59548";"11";"1";"1"
"1";"59554";"61";"1";"1"
"1";"59557";"11";"1";"1"
"1";"59569";"103";"1";"4"
"1";"59570";"481";"4";"4"
"1";"59582";"1";"1";"1"
"1";"59600";"11";"1";"1"
"1";"59601";"21";"1";"1"
"1";"59609";"59";"1";"1"
"1";"59616";"76";"1";"1"
"1";"59623";"36";"1";"1"
"1";"59624";"129";"4";"4"
"1";"59630";"585";"4";"4"
"1";"59637";"108";"1";"4"
"1";"59647";"131";"4";"4"
"1";"59649";"1";"1";"1"
"1";"59657";"66";"1";"1"
"1";"59661";"11";"1";"1"
"1";"59666";"11";"1";"1"
"1";"59678";"38";"1";"1"
"1";"59679";"16";"1";"1"
"1";"59684";"16";"1";"1"
"1";"59693";"338";"4";"4"
"2";"59710";"18";"1";"1"
"1";"59717";"473";"4";"4"
"1";"59731";"176";"4";"4"
"1";"59736";"1";"1";"1"
"1";"59737";"1";"1";"1"
"1";"59741";"6";"1";"1"
"1";"59762";"143";"4";"4"
"1";"59768";"1";"1";"1"
"1";"59780";"118";"4";"4"
"17";"59784";"12655";"4";"4"
"1";"59789";"11";"1";"1"
"3";"59792";"329";"4";"4"
"2";"59804";"21";"1";"1"
"1";"59808";"34";"1";"1"
"1";"59815";"1";"1";"1"
"1";"59816";"118";"4";"4"
"1";"59824";"567";"4";"4"
"1";"59830";"168";"4";"4"
"1";"59834";"218";"4";"4"
"1";"59837";"6";"1";"1"
"1";"59846";"11";"1";"1"
"2";"59850";"71";"1";"1"
"1";"59862";"31";"1";"1"
"1";"59867";"13";"1";"1"
"1";"59877";"172";"4";"4"
"1";"59878";"6";"1";"1"
"1";"59880";"154";"4";"4"
"2";"59897";"21";"1";"1"
"1";"59899";"106";"1";"4"
"1";"59906";"56";"1";"1"
"2";"59912";"72";"1";"1"
"1";"59915";"148";"4";"4"
"2";"59919";"603";"4";"4"
"1";"59925";"36";"1";"1"
"1";"59931";"16";"1";"1"
"1";"59933";"51";"1";"1"
"1";"59957";"11";"1";"1"
"1";"59962";"1";"1";"1"
"2";"59965";"350";"4";"4"
"1";"59978";"16";"1";"1"
"1";"59986";"123";"4";"4"
"1";"60002";"135";"4";"4"
"1";"60003";"35";"1";"1"
"1";"60024";"31";"1";"1"
"1";"60027";"180";"4";"4"
"2";"60035";"441";"4";"4"
"1";"60040";"131";"4";"4"
"1";"60055";"148";"4";"4"
"1";"60056";"11";"1";"1"
"1";"60062";"16";"1";"1"
"2";"60064";"404";"4";"4"
"1";"60067";"454";"4";"4"
"2";"60082";"76";"1";"1"
"1";"60088";"131";"4";"4"
"1";"60090";"289";"4";"4"
"1";"60108";"103";"1";"4"
"1";"60127";"59";"1";"1"
"1";"60142";"406";"4";"4"
"1";"60143";"111";"1";"4"
"1";"60151";"11";"1";"1"
"2";"60155";"336";"4";"4"
"1";"60162";"12";"1";"1"
"1";"60166";"41";"1";"1"
"1";"60180";"86";"1";"1"
"1";"60182";"9";"1";"1"
"1";"60203";"156";"4";"4"
"1";"60221";"108";"1";"4"
"1";"60236";"139";"4";"4"
"2";"60238";"95";"1";"1"
"1";"60246";"330";"4";"4"
"1";"60266";"8";"1";"1"
"1";"60278";"163";"4";"4"
"2";"60285";"65";"1";"1"
"11";"60359";"7460";"4";"4"
"1";"60389";"340";"4";"4"
"1";"60410";"974";"4";"4"
"2";"60416";"66";"1";"1"
"1";"60425";"30";"1";"1"
"1";"60453";"172";"4";"4"
"1";"60477";"58";"1";"1"
"1";"60512";"119";"4";"4"
"1";"60530";"58";"1";"1"
"1";"60549";"176";"4";"4"
"2";"60554";"61";"1";"1"
"1";"60556";"95";"1";"1"
"1";"60565";"273";"4";"4"
"1";"60566";"115";"4";"4"
"3";"60574";"110";"1";"4"
"1";"60582";"1";"1";"1"
"1";"60583";"9";"1";"1"
"1";"60600";"6";"1";"1"
"1";"60605";"1";"1";"1"
"1";"60606";"111";"1";"4"
"1";"60609";"8";"1";"1"
"1";"60617";"6";"1";"1"
"1";"60634";"175";"4";"4"
"2";"60641";"174";"4";"4"
"1";"60657";"20";"1";"1"
"1";"60665";"11";"1";"1"
"1";"60683";"403";"4";"4"
"1";"60700";"83";"1";"1"
"1";"60707";"108";"1";"4"
"2";"60737";"76";"1";"1"
"1";"60740";"103";"1";"4"
"1";"60752";"1520";"4";"4"
"1";"60754";"108";"1";"4"
"1";"60755";"8";"1";"1"
"1";"60756";"108";"1";"4"
"1";"60759";"150";"4";"4"
"1";"60777";"115";"4";"4"
"1";"60783";"57";"1";"1"
"6";"60802";"388";"4";"4"
"1";"60808";"1";"1";"1"
"1";"60817";"11";"1";"1"
"29";"60826";"9060";"4";"4"
"1";"60829";"11";"1";"1"
"1";"60830";"26";"1";"1"
"1";"60834";"16";"1";"1"
"1";"60842";"6";"1";"1"
"1";"60851";"130";"4";"4"
"1";"60868";"16";"1";"1"
"1";"60875";"131";"4";"4"
"2";"60890";"173";"4";"4"
"1";"60898";"440";"4";"4"
"1";"60905";"141";"4";"4"
"1";"60915";"1";"1";"1"
"1";"60919";"55";"1";"1"
"1";"60942";"158";"4";"4"
"1";"60960";"89";"1";"1"
"1";"60966";"1";"1";"1"
"1";"60984";"6";"1";"1"
"1";"61001";"21";"1";"1"
"1";"61007";"6";"1";"1"
"1";"61011";"21";"1";"1"
"1";"61019";"11";"1";"1"
"1";"61034";"123";"4";"4"
"2";"61035";"34";"1";"1"
"1";"61039";"103";"1";"4"
"1";"61040";"48";"1";"1"
"1";"61048";"145";"4";"4"
"1";"61057";"81";"1";"1"
"1";"61062";"6";"1";"1"
"2";"61083";"103";"1";"4"
"1";"61094";"4";"1";"1"
"1";"61095";"108";"1";"4"
"1";"61101";"1";"1";"1"
"1";"61124";"59";"1";"1"
"1";"61144";"106";"1";"4"
"1";"61148";"1519";"4";"4"
"1";"61161";"6";"1";"1"
"1";"61165";"21";"1";"1"
"1";"61167";"1";"1";"1"
"1";"61177";"87";"1";"1"
"2";"61190";"60";"1";"1"
"1";"61201";"323";"4";"4"
"2";"61202";"51";"1";"1"
"1";"61211";"59";"1";"1"
"2";"61212";"166";"4";"4"
"1";"61216";"46";"1";"1"
"1";"61251";"111";"4";"4"
"1";"61255";"1";"1";"1"
"1";"61272";"281";"4";"4"
"1";"61288";"26";"1";"1"
"1";"61297";"15";"1";"1"
"1";"61298";"3";"1";"1"
"3";"61301";"172";"4";"4"
"2";"61303";"61";"1";"1"
"1";"61309";"33";"1";"1"
"1";"61315";"221";"4";"4"
"1";"61332";"6";"1";"1"
"1";"61336";"26";"1";"1"
"5";"61339";"362";"4";"4"
"1";"61340";"21";"1";"1"
"1";"61347";"14";"1";"1"
"1";"61352";"333";"4";"4"
"1";"61369";"140";"4";"4"
"1";"61381";"11";"1";"1"
"1";"61405";"29";"1";"1"
"1";"61407";"111";"1";"4"
"1";"61408";"1";"1";"1"
"1";"61410";"113";"4";"4"
"1";"61414";"6";"1";"1"
"1";"61416";"20";"1";"1"
"2";"61417";"53";"1";"1"
"1";"61433";"31";"1";"1"
"1";"61449";"64";"1";"1"
"1";"61453";"6";"1";"1"
"1";"61457";"41";"1";"1"
"1";"61465";"9";"1";"1"
"1";"61472";"47";"1";"1"
"1";"61473";"57";"1";"1"
"2";"61488";"146";"4";"4"
"1";"61506";"31";"1";"1"
"1";"61524";"39";"1";"1"
"1";"61556";"9";"1";"1"
"1";"61559";"11";"1";"1"
"1";"61581";"11";"1";"1"
"1";"61589";"6";"1";"1"
"1";"61608";"1";"1";"1"
"4";"61625";"2358";"4";"4"
"1";"61628";"123";"4";"4"
"1";"61630";"1";"1";"1"
"1";"61636";"44";"1";"1"
"1";"61642";"16";"1";"1"
"1";"61644";"1";"1";"1"
"1";"61659";"6";"1";"1"
"1";"61664";"6";"1";"1"
"1";"61667";"6";"1";"1"
"2";"61668";"404";"4";"4"
"1";"61671";"16";"1";"1"
"10";"61685";"4319";"4";"4"
"1";"61698";"131";"4";"4"
"1";"61712";"26";"1";"1"
"1";"61714";"11";"1";"1"
"1";"61733";"527";"4";"4"
"1";"61737";"132";"4";"4"
"2";"61738";"111";"4";"4"
"2";"61746";"52";"1";"1"
"1";"61747";"6";"1";"1"
"1";"61777";"11";"1";"1"
"2";"61786";"109";"1";"4"
"1";"61787";"16";"1";"1"
"1";"61788";"132";"4";"4"
"1";"61791";"11";"1";"1"
"3";"61803";"1093";"4";"4"
"1";"61806";"113";"4";"4"
"1";"61829";"64";"1";"1"
"1";"61831";"136";"4";"4"
"1";"61836";"6";"1";"1"
"1";"61837";"11";"1";"1"
"1";"61842";"1";"1";"1"
"1";"61847";"18";"1";"1"
"1";"61859";"140";"4";"4"
"4";"61876";"114";"4";"4"
"1";"61878";"9";"1";"1"
"2";"61881";"114";"4";"4"
"1";"61897";"21";"1";"1"
"2";"61910";"139";"4";"4"
"1";"61921";"40";"1";"1"
"7";"61930";"1387";"4";"4"
"1";"61941";"11";"1";"1"
"1";"61943";"3";"1";"1"
"1";"61950";"1";"1";"1"
"1";"61956";"67";"1";"1"
"1";"61959";"21";"1";"1"
"3";"61970";"471";"4";"4"
"1";"61974";"11";"1";"1"
"2";"61990";"1433";"4";"4"
"1";"61992";"108";"1";"4"
"1";"61996";"1";"1";"1"
"2";"61998";"3";"1";"1"
"2";"62009";"52";"1";"1"
"1";"62016";"397";"4";"4"
"1";"62019";"164";"4";"4"
"1";"62022";"6";"1";"1"
"2";"62023";"328";"4";"4"
"1";"62026";"51";"1";"1"
"1";"62031";"1";"1";"1"
"1";"62036";"214";"4";"4"
"1";"62039";"1";"1";"1"
"1";"62046";"8";"1";"1"
"2";"62058";"83";"1";"1"
"1";"62066";"39";"1";"1"
"2";"62085";"167";"4";"4"
"1";"62087";"133";"4";"4"
"5";"62088";"747";"4";"4"
"1";"62090";"111";"1";"4"
"1";"62095";"33";"1";"1"
"1";"62103";"46";"1";"1"
"2";"62115";"361";"4";"4"
"3";"62116";"184";"4";"4"
"2";"62123";"125";"4";"4"
"2";"62136";"8";"1";"1"
"1";"62154";"4";"1";"1"
"1";"62155";"6";"1";"1"
"1";"62157";"1";"1";"1"
"1";"62159";"111";"1";"4"
"1";"62177";"21";"1";"1"
"1";"62183";"75";"1";"1"
"1";"62190";"53";"1";"1"
"1";"62192";"123";"4";"4"
"1";"62198";"9";"1";"1"
"1";"62200";"6";"1";"1"
"6";"62221";"216";"4";"4"
"1";"62233";"48";"1";"1"
"1";"62234";"76";"1";"1"
"1";"62238";"1";"1";"1"
"1";"62247";"112";"4";"4"
"1";"62266";"6";"1";"1"
"1";"62267";"8";"1";"1"
"1";"62284";"14";"1";"1"
"1";"62288";"21";"1";"1"
"1";"62305";"566";"4";"4"
"1";"62322";"31";"1";"1"
"1";"62325";"113";"4";"4"
"1";"62332";"6";"1";"1"
"1";"62358";"60";"1";"1"
"1";"62377";"1";"1";"1"
"1";"62385";"26";"1";"1"
"1";"62405";"267";"4";"4"
"1";"62414";"66";"1";"1"
"1";"62420";"11";"1";"1"
"1";"62421";"21";"1";"1"
"1";"62435";"23";"1";"1"
"1";"62449";"14";"1";"1"
"1";"62469";"11";"1";"1"
"2";"62477";"350";"4";"4"
"1";"62482";"26";"1";"1"
"2";"62488";"270";"4";"4"
"1";"62490";"51";"1";"1"
"1";"62495";"106";"1";"4"
"1";"62501";"11";"1";"1"
"1";"62515";"84";"1";"1"
"1";"62520";"6";"1";"1"
"9";"62577";"3991";"4";"4"
"1";"62578";"39";"1";"1"
"2";"62590";"11";"1";"1"
"1";"62606";"1";"1";"1"
"1";"62610";"33";"1";"1"
"2";"62612";"73";"1";"1"
"1";"62626";"221";"4";"4"
"1";"62634";"16";"1";"1"
"1";"62652";"16";"1";"1"
"1";"62659";"1";"1";"1"
"4";"62665";"413";"4";"4"
"1";"62680";"6";"1";"1"
"1";"62695";"81";"1";"1"
"1";"62706";"12";"1";"1"
"1";"62719";"111";"1";"4"
"1";"62724";"11";"1";"1"
"2";"62764";"150";"4";"4"
"1";"62788";"9";"1";"1"
"1";"62806";"16";"1";"1"
"1";"62807";"21";"1";"1"
"1";"62809";"11";"1";"1"
"1";"62816";"116";"4";"4"
"4";"62824";"135";"4";"4"
"1";"62833";"119";"4";"4"
"1";"62840";"40";"1";"1"
"1";"62845";"30";"1";"1"
"2";"62847";"471";"4";"4"
"1";"62856";"1";"1";"1"
"1";"62859";"61";"1";"1"
"1";"62875";"366";"4";"4"
"1";"62882";"171";"4";"4"
"1";"62901";"21";"1";"1"
"1";"62908";"6";"1";"1"
"1";"62918";"141";"4";"4"
"1";"62925";"47";"1";"1"
"1";"62954";"6";"1";"1"
"1";"62958";"1";"1";"1"
"1";"62960";"1";"1";"1"
"1";"62967";"16";"1";"1"
"1";"62970";"6";"1";"1"
"1";"62978";"1";"1";"1"
"1";"62984";"6";"1";"1"
"1";"62988";"133";"4";"4"
"1";"62996";"3";"1";"1"
"1";"63011";"6";"1";"1"
"1";"63020";"1";"1";"1"
"1";"63066";"1";"1";"1"
"1";"63077";"4";"1";"1"
"1";"63081";"8";"1";"1"
"1";"63084";"1";"1";"1"
"2";"63087";"32";"1";"1"
"1";"63096";"4";"1";"1"
"1";"63105";"14";"1";"1"
"1";"63132";"44";"1";"1"
"1";"63135";"181";"4";"4"
"1";"63140";"104";"1";"4"
"1";"63143";"6";"1";"1"
"1";"63158";"31";"1";"1"
"1";"63165";"104";"1";"4"
"1";"63172";"106";"1";"4"
"2";"63260";"482";"4";"4"
"1";"63261";"66";"1";"1"
"1";"63262";"132";"4";"4"
"1";"63264";"133";"4";"4"
"1";"63271";"386";"4";"4"
"1";"63280";"468";"4";"4"
"3";"63306";"63";"1";"1"
"3";"63392";"52";"1";"1"
"1";"63414";"118";"4";"4"
"1";"63425";"21";"1";"1"
"5";"63441";"781";"4";"4"
"1";"63447";"6";"1";"1"
"1";"63464";"165";"4";"4"
"1";"63470";"180";"4";"4"
"1";"63482";"1";"1";"1"
"1";"63523";"11";"1";"1"
"1";"63530";"113";"4";"4"
"1";"63545";"18";"1";"1"
"1";"63552";"26";"1";"1"
"1";"63563";"41";"1";"1"
"4";"63571";"3463";"4";"4"
"1";"63581";"48";"1";"1"
"1";"63587";"6";"1";"1"
"1";"63594";"1";"1";"1"
"1";"63598";"24";"1";"1"
"1";"63603";"41";"1";"1"
"1";"63608";"124";"4";"4"
"2";"63612";"197";"4";"4"
"1";"63616";"6";"1";"1"
"1";"63625";"1";"1";"1"
"1";"63638";"38";"1";"1"
"1";"63650";"101";"1";"1"
"1";"63651";"1";"1";"1"
"1";"63687";"346";"4";"4"
"1";"63709";"141";"4";"4"
"1";"63711";"25";"1";"1"
"1";"63733";"8";"1";"1"
"1";"63741";"41";"1";"1"
"1";"63746";"16";"1";"1"
"1";"63760";"441";"4";"4"
"1";"63764";"627";"4";"4"
"1";"63778";"1";"1";"1"
"1";"63800";"123";"4";"4"
"2";"63811";"162";"4";"4"
"2";"63815";"69";"1";"1"
"1";"63824";"1501";"4";"4"
"1";"63852";"41";"1";"1"
"1";"63853";"11";"1";"1"
"1";"63901";"55";"1";"1"
"1";"63928";"235";"4";"4"
"1";"63929";"21";"1";"1"
"2";"63945";"104";"1";"4"
"1";"63960";"4";"1";"1"
"1";"63964";"133";"4";"4"
"1";"63981";"1";"1";"1"
"1";"63998";"116";"4";"4"
"1";"64007";"556";"4";"4"
"1";"64013";"21";"1";"1"
"1";"64038";"32";"1";"1"
"1";"64041";"176";"4";"4"
"1";"64043";"11";"1";"1"
"2";"64048";"48";"1";"1"
"2";"64057";"45";"1";"1"
"1";"64063";"121";"4";"4"
"1";"64083";"16";"1";"1"
"1";"64085";"131";"4";"4"
"1";"64106";"6";"1";"1"
"1";"64108";"48";"1";"1"
"1";"64114";"61";"1";"1"
"1";"64133";"1";"1";"1"
"2";"64148";"11";"1";"1"
"2";"64193";"134";"4";"4"
"1";"64242";"35";"1";"1"
"1";"64345";"32";"1";"1"
"1";"64359";"1";"1";"1"
"1";"64504";"6";"1";"1"
"1";"64550";"36";"1";"1"
"1";"64579";"4";"1";"1"
"1";"64593";"30";"1";"1"
"1";"64597";"1";"1";"1"
"1";"64598";"21";"1";"1"
"2";"64604";"136";"4";"4"
"1";"64614";"6";"1";"1"
"1";"64623";"65";"1";"1"
"2";"64625";"662";"4";"4"
"1";"64651";"31";"1";"1"
"1";"64666";"21";"1";"1"
"1";"64683";"1";"1";"1"
"1";"64691";"306";"4";"4"
"5";"64695";"1609";"4";"4"
"1";"64733";"6";"1";"1"
"1";"64740";"4";"1";"1"
"1";"64782";"21";"1";"1"
"1";"64824";"203";"4";"4"
"1";"64838";"135";"4";"4"
"1";"64860";"1085";"4";"4"
"1";"64893";"61";"1";"1"
"1";"64901";"340";"4";"4"
"1";"64912";"178";"4";"4"
"4";"64918";"674";"4";"4"
"1";"64923";"1";"1";"1"
"1";"64940";"52";"1";"1"
"1";"64942";"1";"1";"1"
"1";"64958";"3";"1";"1"
"1";"64989";"11";"1";"1"
"1";"64996";"124";"4";"4"
"1";"65011";"13";"1";"1"
"1";"65022";"3";"1";"1"
"1";"65029";"50";"1";"1"
"1";"65036";"5";"1";"1"
"1";"65037";"6";"1";"1"
"3";"65042";"447";"4";"4"
"1";"65072";"116";"4";"4"
"1";"65079";"145";"4";"4"
"1";"65080";"1";"1";"1"
"2";"65087";"40";"1";"1"
"24";"65088";"9291";"4";"4"
"1";"65112";"126";"4";"4"
"1";"65150";"26";"1";"1"
"1";"65159";"6";"1";"1"
"1";"65190";"1";"1";"1"
"1";"65256";"11";"1";"1"
"1";"65273";"30";"1";"1"
"1";"65277";"21";"1";"1"
"1";"65279";"126";"4";"4"
"1";"65286";"6";"1";"1"
"1";"65292";"242";"4";"4"
"1";"65304";"6";"1";"1"
"1";"65310";"9";"1";"1"
"1";"65318";"45";"1";"1"
"1";"65320";"387";"4";"4"
"2";"65333";"36";"1";"1"
"1";"65360";"11";"1";"1"
"1";"65384";"187";"4";"4"
"1";"65387";"231";"4";"4"
"1";"65404";"36";"1";"1"
"1";"65420";"81";"1";"1"
"5";"65421";"1265";"4";"4"
"1";"65424";"106";"1";"4"
"1";"65432";"1";"1";"1"
"1";"65434";"6";"1";"1"
"1";"65446";"13";"1";"1"
"1";"65456";"21";"1";"1"
"1";"65468";"143";"4";"4"
"1";"65475";"520";"4";"4"
"1";"65479";"1";"1";"1"
"1";"65485";"3";"1";"1"
"1";"65511";"4";"1";"1"
"1";"65537";"26";"1";"1"
"1";"65544";"101";"1";"4"
"1";"65549";"36";"1";"1"
"1";"65552";"6";"1";"1"
"1";"65562";"128";"4";"4"
"1";"65568";"299";"4";"4"
"1";"65590";"21";"1";"1"
"1";"65591";"36";"1";"1"
"1";"65600";"1";"1";"1"
"1";"65607";"1";"1";"1"
"1";"65617";"1";"1";"1"
"2";"65621";"55";"1";"1"
"1";"65631";"1";"1";"1"
"1";"65637";"92";"1";"1"
"1";"65645";"341";"4";"4"
"1";"65646";"6";"1";"1"
"3";"65650";"1538";"4";"4"
"1";"65653";"35";"1";"1"
"1";"65659";"21";"1";"1"
"1";"65684";"6";"1";"1"
"1";"65701";"1";"1";"1"
"1";"65730";"11";"1";"1"
"2";"65740";"106";"1";"4"
"1";"65742";"106";"1";"4"
"1";"65763";"103";"1";"4"
"1";"65788";"81";"1";"1"
"1";"65789";"534";"4";"4"
"1";"65809";"1";"1";"1"
"1";"65828";"104";"1";"4"
"1";"65843";"1";"1";"1"
"1";"65845";"34";"1";"1"
"1";"65857";"161";"4";"4"
"1";"65863";"11";"1";"1"
"1";"65870";"14";"1";"1"
"1";"65893";"187";"4";"4"
"3";"65899";"851";"4";"4"
"1";"65904";"11";"1";"1"
"1";"65905";"1";"1";"1"
"1";"65915";"32";"1";"1"
"1";"65940";"1";"1";"1"
"1";"65943";"9";"1";"1"
"1";"65950";"202";"4";"4"
"2";"65968";"100";"1";"1"
"1";"65973";"111";"1";"4"
"1";"66017";"21";"1";"1"
"1";"66032";"1";"1";"1"
"10";"66036";"1681";"4";"4"
"1";"66045";"4";"1";"1"
"1";"66050";"864";"4";"4"
"1";"66076";"314";"4";"4"
"1";"66080";"106";"1";"4"
"2";"66086";"42";"1";"1"
"1";"66099";"404";"4";"4"
"4";"66114";"889";"4";"4"
"1";"66119";"68";"1";"1"
"1";"66138";"8";"1";"1"
"1";"66143";"153";"4";"4"
"1";"66157";"29";"1";"1"
"1";"66160";"1125";"4";"4"
"1";"66162";"36";"1";"1"
"1";"66208";"11";"1";"1"
"1";"66209";"108";"1";"4"
"1";"66214";"1";"1";"1"
"1";"66217";"1";"1";"1"
"1";"66227";"960";"4";"4"
"1";"66235";"1";"1";"1"
"1";"66254";"8";"1";"1"
"2";"66259";"30";"1";"1"
"1";"66260";"6";"1";"1"
"1";"66267";"1";"1";"1"
"1";"66271";"11";"1";"1"
"1";"66290";"46";"1";"1"
"1";"66309";"11";"1";"1"
"1";"66319";"1";"1";"1"
"1";"66329";"36";"1";"1"
"4";"66336";"528";"4";"4"
"1";"66366";"31";"1";"1"
"1";"66393";"73";"1";"1"
"1";"66395";"13";"1";"1"
"1";"66399";"349";"4";"4"
"1";"66416";"11";"1";"1"
"1";"66425";"33";"1";"1"
"1";"66458";"21";"1";"1"
"1";"66470";"370";"4";"4"
"1";"66471";"119";"4";"4"
"1";"66477";"11";"1";"1"
"1";"66508";"28";"1";"1"
"1";"66558";"3";"1";"1"
"1";"66564";"31";"1";"1"
"1";"66575";"166";"4";"4"
"2";"66576";"20";"1";"1"
"1";"66579";"1";"1";"1"
"1";"66599";"8";"1";"1"
"1";"66603";"1";"1";"1"
"1";"66617";"1";"1";"1"
"5";"66618";"464";"4";"4"
"1";"66622";"103";"1";"4"
"1";"66637";"43";"1";"1"
"1";"66655";"26";"1";"1"
"1";"66673";"1";"1";"1"
"1";"66679";"13";"1";"1"
"4";"66693";"5588";"4";"4"
"1";"66694";"6";"1";"1"
"2";"66697";"48";"1";"1"
"1";"66726";"115";"4";"4"
"1";"66734";"21";"1";"1"
"4";"66737";"746";"4";"4"
"1";"66738";"128";"4";"4"
"1";"66742";"1";"1";"1"
"1";"66770";"101";"1";"1"
"1";"66776";"14";"1";"1"
"1";"66783";"26";"1";"1"
"1";"66789";"1";"1";"1"
"1";"66790";"97";"1";"1"
"1";"66827";"11";"1";"1"
"2";"66837";"145";"4";"4"
"1";"66855";"27";"1";"1"
"1";"66863";"81";"1";"1"
"1";"66867";"6";"1";"1"
"1";"66871";"420";"4";"4"
"1";"66885";"2";"1";"1"
"1";"66903";"1";"1";"1"
"1";"66920";"726";"4";"4"
"1";"66921";"1";"1";"1"
"1";"66930";"102";"1";"4"
"6";"66934";"3429";"4";"4"
"1";"66937";"6";"1";"1"
"1";"66945";"36";"1";"1"
"1";"66998";"1";"1";"1"
"1";"67006";"4";"1";"1"
"1";"67021";"17";"1";"1"
"1";"67040";"17";"1";"1"
"1";"67052";"1";"1";"1"
"1";"67062";"101";"1";"1"
"1";"67067";"6";"1";"1"
"1";"67076";"11";"1";"1"
"1";"67094";"18";"1";"1"
"1";"67103";"2";"1";"1"
"1";"67112";"4";"1";"1"
"1";"67120";"8";"1";"1"
"1";"67134";"6";"1";"1"
"1";"67135";"3";"1";"1"
"1";"67146";"11";"1";"1"
"1";"67158";"1";"1";"1"
"1";"67166";"1";"1";"1"
"1";"67168";"29";"1";"1"
"1";"67181";"9";"1";"1"
"1";"67187";"6";"1";"1"
"1";"67215";"11";"1";"1"
"1";"67222";"104";"1";"4"
"1";"67231";"1";"1";"1"
"3";"67244";"116";"4";"4"
"1";"67257";"19";"1";"1"
"1";"67286";"7";"1";"1"
"2";"67320";"137";"4";"4"
"2";"67342";"36";"1";"1"
"1";"67345";"11";"1";"1"
"1";"67392";"1";"1";"1"
"1";"67397";"129";"4";"4"
"1";"67399";"11";"1";"1"
"1";"67430";"97";"1";"1"
"1";"67451";"12";"1";"1"
"1";"67458";"8";"1";"1"
"1";"67473";"1";"1";"1"
"1";"67489";"14";"1";"1"
"1";"67518";"101";"1";"1"
"1";"67525";"6";"1";"1"
"2";"67547";"324";"4";"4"
"1";"67595";"147";"4";"4"
"2";"67606";"96";"1";"1"
"1";"67608";"30";"1";"1"
"1";"67621";"9";"1";"1"
"4";"67626";"6384";"4";"4"
"1";"67673";"870";"4";"4"
"1";"67704";"1";"1";"1"
"1";"67736";"118";"4";"4"
"1";"67743";"21";"1";"1"
"1";"67762";"1";"1";"1"
"1";"67764";"1";"1";"1"
"1";"67781";"103";"1";"4"
