"id_user";"reputation";"profile_1";"profile_2";"totalBestAnswer"
"32529";"185";"4";"4";"1"
"37315";"73";"1";"1";"1"
"38616";"255";"4";"4";"1"
"39195";"145";"4";"4";"1"
"41359";"46";"1";"1";"1"
"42035";"26";"1";"1";"1"
"42858";"126";"1";"4";"1"
"43767";"101";"1";"1";"1"
"45925";"46";"1";"1";"1"
"44485";"46";"1";"1";"1"
"28833";"256";"4";"4";"1"
"29504";"46";"1";"1";"1"
"30105";"118";"1";"4";"1"
"30856";"200";"4";"4";"1"
"31365";"56";"1";"1";"1"
"31903";"66";"1";"1";"1"
"29890";"104";"1";"4";"1"
"33542";"318";"4";"4";"1"
"34314";"206";"4";"4";"1"
"39680";"126";"1";"4";"1"
"37960";"106";"1";"4";"1"
"40027";"19";"1";"1";"1"
"28730";"140";"4";"4";"1"
"42317";"186";"4";"4";"1"
"41598";"118";"1";"4";"1"
"45746";"163";"4";"4";"1"
"45036";"263";"4";"4";"1"
"46667";"56";"1";"1";"1"
"30300";"154";"4";"4";"1"
"28277";"136";"4";"4";"1"
"28107";"508";"4";"4";"1"
"28772";"416";"4";"4";"1"
"28647";"227";"4";"4";"1"
"33934";"146";"4";"4";"1"
"29199";"560";"4";"4";"1"
"30568";"66";"1";"1";"1"
"31352";"143";"4";"4";"1"
"32078";"36";"1";"1";"1"
"32576";"156";"4";"4";"1"
"33285";"94";"1";"1";"1"
"33118";"212";"4";"4";"1"
"30357";"374";"4";"4";"1"
"35131";"94";"1";"1";"1"
"28774";"238";"4";"4";"1"
"37717";"66";"1";"1";"1"
"39884";"73";"1";"1";"1"
"36233";"26";"1";"1";"1"
"42068";"26";"1";"1";"1"
"38322";"186";"4";"4";"1"
"44261";"76";"1";"1";"1"
"34550";"95";"1";"1";"1"
"42956";"341";"4";"4";"1"
"29044";"263";"4";"4";"1"
"29792";"54";"1";"1";"1"
"30073";"181";"4";"4";"1"
"31639";"136";"4";"4";"1"
"30846";"98";"1";"1";"1"
"31401";"136";"4";"4";"1"
"31592";"128";"4";"4";"1"
"30882";"380";"4";"4";"1"
"33545";"166";"4";"4";"1"
"35516";"348";"4";"4";"1"
"37588";"188";"4";"4";"1"
"42657";"26";"1";"1";"1"
"44772";"26";"1";"1";"1"
"35160";"330";"4";"4";"1"
"40698";"31";"1";"1";"1"
"43924";"46";"1";"1";"1"
"33206";"670";"4";"4";"1"
"28180";"681";"4";"4";"1"
"29677";"156";"4";"4";"1"
"29884";"266";"4";"4";"1"
"30143";"146";"4";"4";"1"
"30084";"317";"4";"4";"1"
"32510";"659";"4";"4";"1"
"33778";"644";"4";"4";"1"
"34563";"196";"4";"4";"1"
"35427";"61";"1";"1";"1"
"36698";"165";"4";"4";"1"
"35594";"166";"4";"4";"1"
"38453";"46";"1";"1";"1"
"39209";"160";"4";"4";"1"
"39710";"21";"1";"1";"1"
"40447";"56";"1";"1";"1"
"41771";"168";"4";"4";"1"
"45336";"423";"4";"4";"1"
"46872";"16";"1";"1";"1"
"29777";"76";"1";"1";"1"
"30003";"66";"1";"1";"1"
"30829";"44";"1";"1";"1"
"31084";"66";"1";"1";"1"
"32120";"176";"4";"4";"1"
"34245";"26";"1";"1";"1"
"31709";"186";"4";"4";"1"
"34073";"296";"4";"4";"1"
"43016";"51";"1";"1";"1"
"33117";"139";"4";"4";"1"
"36223";"56";"1";"1";"1"
"36971";"36";"1";"1";"1"
"38240";"71";"1";"1";"1"
"38710";"126";"1";"4";"1"
"32760";"150";"4";"4";"1"
"40062";"129";"4";"4";"1"
"41361";"56";"1";"1";"1"
"42052";"56";"1";"1";"1"
"40544";"1016";"4";"4";"1"
"43755";"44";"1";"1";"1"
"45161";"529";"4";"4";"1"
"28537";"66";"1";"1";"1"
"29549";"251";"4";"4";"1"
"31890";"159";"4";"4";"1"
"32696";"42";"1";"1";"1"
"32967";"371";"4";"4";"1"
"33610";"26";"1";"1";"1"
"33232";"214";"4";"4";"1"
"36510";"36";"1";"1";"1"
"35397";"429";"4";"4";"1"
"38171";"153";"4";"4";"1"
"36147";"16";"1";"1";"1"
"32243";"760";"4";"4";"1"
"40327";"46";"1";"1";"1"
"39269";"1";"1";"1";"1"
"28977";"593";"4";"4";"1"
"46554";"25";"1";"1";"1"
"49424";"24";"1";"1";"1"
"28098";"176";"4";"4";"1"
"28568";"223";"4";"4";"1"
"29522";"36";"1";"1";"1"
"28942";"246";"4";"4";"1"
"29317";"206";"4";"4";"1"
"29722";"336";"4";"4";"1"
"28258";"176";"4";"4";"1"
"32225";"138";"4";"4";"1"
"34476";"26";"1";"1";"1"
"34642";"26";"1";"1";"1"
"35961";"375";"4";"4";"1"
"37053";"46";"1";"1";"1"
"38284";"141";"4";"4";"1"
"38754";"116";"1";"4";"1"
"28120";"380";"4";"4";"1"
"41168";"121";"1";"4";"1"
"40104";"48";"1";"1";"1"
"41251";"128";"4";"4";"1"
"43650";"141";"4";"4";"1"
"44164";"126";"1";"4";"1"
"45759";"76";"1";"1";"1"
"47025";"122";"1";"4";"1"
"46967";"36";"1";"1";"1"
"28324";"711";"4";"4";"1"
"28457";"534";"4";"4";"1"
"29004";"221";"4";"4";"1"
"30078";"203";"4";"4";"1"
"29515";"501";"4";"4";"1"
"31614";"56";"1";"1";"1"
"32317";"186";"4";"4";"1"
"32868";"56";"1";"1";"1"
"33513";"46";"1";"1";"1"
"34645";"341";"4";"4";"1"
"41428";"206";"4";"4";"1"
"32284";"46";"1";"1";"1"
"38910";"16";"1";"1";"1"
"28403";"126";"1";"4";"1"
"39711";"125";"1";"4";"1"
"42257";"36";"1";"1";"1"
"44627";"296";"4";"4";"1"
"46294";"194";"4";"4";"1"
"48107";"56";"1";"1";"1"
"46549";"131";"4";"4";"1"
"28389";"86";"1";"1";"1"
"34640";"36";"1";"1";"1"
"31144";"66";"1";"1";"1"
"34989";"150";"4";"4";"1"
"35909";"326";"4";"4";"1"
"34001";"459";"4";"4";"1"
"43363";"79";"1";"1";"1"
"45450";"36";"1";"1";"1"
"31694";"116";"1";"4";"1"
"49969";"42";"1";"1";"1"
"28121";"226";"4";"4";"1"
"28606";"156";"4";"4";"1"
"31927";"36";"1";"1";"1"
"31995";"56";"1";"1";"1"
"36972";"227";"4";"4";"1"
"36237";"132";"4";"4";"1"
"38620";"61";"1";"1";"1"
"39402";"196";"4";"4";"1"
"38580";"305";"4";"4";"1"
"42083";"36";"1";"1";"1"
"42893";"46";"1";"1";"1"
"43774";"31";"1";"1";"1"
"46012";"56";"1";"1";"1"
"45661";"157";"4";"4";"1"
"46272";"179";"4";"4";"1"
"29462";"186";"4";"4";"1"
"29790";"95";"1";"1";"1"
"38739";"218";"4";"4";"1"
"30579";"218";"4";"4";"1"
"31317";"36";"1";"1";"1"
"30126";"187";"4";"4";"1"
"32954";"21";"1";"1";"1"
"34386";"166";"4";"4";"1"
"35214";"214";"4";"4";"1"
"36505";"41";"1";"1";"1"
"38969";"205";"4";"4";"1"
"32871";"146";"4";"4";"1"
"40933";"36";"1";"1";"1"
"32385";"366";"4";"4";"1"
"42338";"121";"1";"4";"1"
"43263";"16";"1";"1";"1"
"44928";"36";"1";"1";"1"
"48736";"66";"1";"1";"1"
"47990";"281";"4";"4";"1"
"49739";"26";"1";"1";"1"
"28227";"528";"4";"4";"1"
"30313";"26";"1";"1";"1"
"30659";"529";"4";"4";"1"
"30869";"166";"4";"4";"1"
"31023";"106";"1";"4";"1"
"31574";"103";"1";"4";"1"
"30939";"207";"4";"4";"1"
"34005";"197";"4";"4";"1"
"34638";"66";"1";"1";"1"
"34731";"416";"4";"4";"1"
"36011";"86";"1";"1";"1"
"33626";"293";"4";"4";"1"
"39669";"56";"1";"1";"1"
"35211";"216";"4";"4";"1"
"35000";"36";"1";"1";"1"
"39148";"145";"4";"4";"1"
"41892";"148";"4";"4";"1"
"47059";"136";"4";"4";"1"
"47427";"255";"4";"4";"1"
"32223";"116";"1";"4";"1"
"28845";"86";"1";"1";"1"
"28949";"56";"1";"1";"1"
"28737";"260";"4";"4";"1"
"29440";"116";"1";"4";"1"
"29814";"188";"4";"4";"1"
"30561";"26";"1";"1";"1"
"32158";"126";"1";"4";"1"
"32356";"286";"4";"4";"1"
"32863";"46";"1";"1";"1"
"33528";"66";"1";"1";"1"
"34344";"146";"4";"4";"1"
"35579";"206";"4";"4";"1"
"29551";"152";"4";"4";"1"
"39198";"26";"1";"1";"1"
"38248";"164";"4";"4";"1"
"39955";"156";"4";"4";"1"
"41468";"84";"1";"1";"1"
"42793";"26";"1";"1";"1"
"37860";"136";"4";"4";"1"
"46446";"46";"1";"1";"1"
"47084";"206";"4";"4";"1"
"47995";"56";"1";"1";"1"
"29930";"146";"4";"4";"1"
"31686";"86";"1";"1";"1"
"35639";"36";"1";"1";"1"
"34783";"154";"4";"4";"1"
"33589";"172";"4";"4";"1"
"35755";"98";"1";"1";"1"
"37621";"36";"1";"1";"1"
"39020";"280";"4";"4";"1"
"35980";"185";"4";"4";"1"
"40808";"188";"4";"4";"1"
"42727";"126";"1";"4";"1"
"43350";"104";"1";"4";"1"
"44183";"146";"4";"4";"1"
"44688";"85";"1";"1";"1"
"46927";"76";"1";"1";"1"
"31307";"323";"4";"4";"1"
"47856";"311";"4";"4";"1"
"28726";"172";"4";"4";"1"
"29778";"213";"4";"4";"1"
"30447";"36";"1";"1";"1"
"28515";"483";"4";"4";"1"
"32232";"127";"1";"4";"1"
"33432";"264";"4";"4";"1"
"33002";"51";"1";"1";"1"
"34656";"545";"4";"4";"1"
"32237";"161";"4";"4";"1"
"32353";"308";"4";"4";"1"
"40112";"628";"4";"4";"1"
"41398";"24";"1";"1";"1"
"43205";"74";"1";"1";"1"
"48890";"31";"1";"1";"1"
"49243";"96";"1";"1";"1"
"39751";"116";"1";"4";"1"
"31393";"181";"4";"4";"1"
"31907";"31";"1";"1";"1"
"30272";"136";"4";"4";"1"
"32986";"136";"4";"4";"1"
"34760";"46";"1";"1";"1"
"35812";"46";"1";"1";"1"
"42438";"46";"1";"1";"1"
"37221";"98";"1";"1";"1"
"38278";"56";"1";"1";"1"
"34497";"33";"1";"1";"1"
"38280";"54";"1";"1";"1"
"40371";"43";"1";"1";"1"
"37878";"223";"4";"4";"1"
"44147";"336";"4";"4";"1"
"44978";"50";"1";"1";"1"
"49147";"301";"4";"4";"1"
"28596";"174";"4";"4";"1"
"28756";"136";"4";"4";"1"
"28468";"1036";"4";"4";"1"
"29739";"225";"4";"4";"1"
"29972";"398";"4";"4";"1"
"30317";"362";"4";"4";"1"
"31669";"86";"1";"1";"1"
"32601";"36";"1";"1";"1"
"33313";"152";"4";"4";"1"
"31220";"196";"4";"4";"1"
"35234";"81";"1";"1";"1"
"36381";"297";"4";"4";"1"
"41324";"62";"1";"1";"1"
"41912";"56";"1";"1";"1"
"33412";"136";"4";"4";"1"
"39834";"73";"1";"1";"1"
"44314";"179";"4";"4";"1"
"45812";"304";"4";"4";"1"
"47128";"16";"1";"1";"1"
"47245";"199";"4";"4";"1"
"29014";"196";"4";"4";"1"
"29458";"266";"4";"4";"1"
"29221";"478";"4";"4";"1"
"31838";"146";"4";"4";"1"
"41021";"149";"4";"4";"1"
"34949";"146";"4";"4";"1"
"31251";"143";"4";"4";"1"
"29970";"312";"4";"4";"1"
"36229";"6";"1";"1";"1"
"41555";"174";"4";"4";"1"
"42282";"16";"1";"1";"1"
"43937";"26";"1";"1";"1"
"48569";"79";"1";"1";"1"
"41721";"226";"4";"4";"1"
"28185";"361";"4";"4";"1"
"28571";"56";"1";"1";"1"
"32488";"26";"1";"1";"1"
"31737";"194";"4";"4";"1"
"33121";"80";"1";"1";"1"
"33482";"378";"4";"4";"1"
"34693";"86";"1";"1";"1"
"41355";"215";"4";"4";"1"
"43517";"16";"1";"1";"1"
"45499";"16";"1";"1";"1"
"50079";"56";"1";"1";"1"
"50044";"24";"1";"1";"1"
"28114";"879";"4";"4";"1"
"28624";"603";"4";"4";"1"
"31116";"359";"4";"4";"1"
"32259";"191";"4";"4";"1"
"33421";"666";"4";"4";"1"
"32903";"136";"4";"4";"1"
"34675";"63";"1";"1";"1"
"34137";"164";"4";"4";"1"
"38630";"126";"1";"4";"1"
"40275";"76";"1";"1";"1"
"41154";"78";"1";"1";"1"
"42142";"56";"1";"1";"1"
"34650";"74";"1";"1";"1"
"47779";"44";"1";"1";"1"
"40685";"175";"4";"4";"1"
"28381";"166";"4";"4";"1"
"28700";"166";"4";"4";"1"
"28848";"256";"4";"4";"1"
"28876";"178";"4";"4";"1"
"30473";"178";"4";"4";"1"
"31408";"169";"4";"4";"1"
"32351";"415";"4";"4";"1"
"32605";"34";"1";"1";"1"
"28844";"156";"4";"4";"1"
"33702";"156";"4";"4";"1"
"34098";"108";"1";"4";"1"
"36653";"270";"4";"4";"1"
"40570";"51";"1";"1";"1"
"41700";"66";"1";"1";"1"
"37635";"156";"4";"4";"1"
"43141";"81";"1";"1";"1"
"44887";"830";"4";"4";"1"
"37629";"176";"4";"4";"1"
"45793";"332";"4";"4";"1"
"48615";"93";"1";"1";"1"
"28165";"1663";"4";"4";"1"
"31479";"64";"1";"1";"1"
"29200";"206";"4";"4";"1"
"32122";"36";"1";"1";"1"
"32602";"263";"4";"4";"1"
"33343";"56";"1";"1";"1"
"35291";"324";"4";"4";"1"
"39351";"56";"1";"1";"1"
"41299";"134";"4";"4";"1"
"42704";"312";"4";"4";"1"
"43712";"26";"1";"1";"1"
"44445";"66";"1";"1";"1"
"44554";"96";"1";"1";"1"
"47411";"166";"4";"4";"1"
"48897";"164";"4";"4";"1"
"28663";"274";"4";"4";"1"
"30100";"11";"1";"1";"1"
"35136";"321";"4";"4";"1"
"28840";"478";"4";"4";"1"
"32352";"66";"1";"1";"1"
"32921";"56";"1";"1";"1"
"33183";"309";"4";"4";"1"
"34824";"175";"4";"4";"1"
"35672";"433";"4";"4";"1"
"37140";"116";"1";"4";"1"
"32214";"328";"4";"4";"1"
"35107";"303";"4";"4";"1"
"39599";"176";"4";"4";"1"
"40299";"34";"1";"1";"1"
"31115";"123";"1";"4";"1"
"38421";"304";"4";"4";"1"
"42294";"48";"1";"1";"1"
"35606";"226";"4";"4";"1"
"45097";"214";"4";"4";"1"
"46524";"1";"1";"1";"1"
"44087";"937";"4";"4";"1"
"49426";"91";"1";"1";"1"
"28371";"882";"4";"4";"1"
"29984";"34";"1";"1";"1"
"28897";"146";"4";"4";"1"
"28611";"218";"4";"4";"1"
"30267";"163";"4";"4";"1"
"33370";"56";"1";"1";"1"
"29699";"1254";"4";"4";"1"
"31534";"166";"4";"4";"1"
"32754";"118";"1";"4";"1"
"35600";"243";"4";"4";"1"
"37557";"81";"1";"1";"1"
"38546";"196";"4";"4";"1"
"38766";"136";"4";"4";"1"
"41103";"46";"1";"1";"1"
"41840";"46";"1";"1";"1"
"42461";"46";"1";"1";"1"
"44260";"36";"1";"1";"1"
"32343";"963";"4";"4";"1"
"44610";"184";"4";"4";"1"
"29757";"96";"1";"1";"1"
"29927";"76";"1";"1";"1"
"29030";"89";"1";"1";"1"
"28250";"426";"4";"4";"1"
"30466";"66";"1";"1";"1"
"32623";"86";"1";"1";"1"
"39127";"86";"1";"1";"1"
"29406";"154";"4";"4";"1"
"35763";"382";"4";"4";"1"
"36254";"99";"1";"1";"1"
"39439";"176";"4";"4";"1"
"37887";"215";"4";"4";"1"
"40736";"94";"1";"1";"1"
"42178";"76";"1";"1";"1"
"43664";"344";"4";"4";"1"
"43867";"26";"1";"1";"1"
"42140";"126";"1";"4";"1"
"38595";"157";"4";"4";"1"
"45854";"16";"1";"1";"1"
"49121";"56";"1";"1";"1"
"28217";"309";"4";"4";"1"
"28193";"598";"4";"4";"1"
"28706";"64";"1";"1";"1"
"29222";"303";"4";"4";"1"
"29883";"46";"1";"1";"1"
"30988";"326";"4";"4";"1"
"31961";"52";"1";"1";"1"
"32515";"150";"4";"4";"1"
"34478";"113";"1";"4";"1"
"34969";"186";"4";"4";"1"
"36872";"49";"1";"1";"1"
"36493";"176";"4";"4";"1"
"29255";"119";"1";"4";"1"
"33567";"186";"4";"4";"1"
"42397";"33";"1";"1";"1"
"42351";"266";"4";"4";"1"
"49821";"26";"1";"1";"1"
"28416";"310";"4";"4";"1"
"29810";"56";"1";"1";"1"
"28956";"352";"4";"4";"1"
"29347";"176";"4";"4";"1"
"29401";"252";"4";"4";"1"
"30069";"146";"4";"4";"1"
"35260";"71";"1";"1";"1"
"32047";"216";"4";"4";"1"
"32961";"153";"4";"4";"1"
"34036";"666";"4";"4";"1"
"36676";"211";"4";"4";"1"
"36641";"136";"4";"4";"1"
"37815";"324";"4";"4";"1"
"39217";"138";"4";"4";"1"
"39917";"173";"4";"4";"1"
"33334";"113";"1";"4";"1"
"44195";"40";"1";"1";"1"
"45221";"145";"4";"4";"1"
"47419";"6";"1";"1";"1"
"38213";"742";"4";"4";"1"
"28245";"306";"4";"4";"1"
"33309";"373";"4";"4";"1"
"30242";"146";"4";"4";"1"
"29490";"136";"4";"4";"1"
"30575";"48";"1";"1";"1"
"31881";"186";"4";"4";"1"
"35074";"36";"1";"1";"1"
"36341";"106";"1";"4";"1"
"38267";"157";"4";"4";"1"
"47671";"56";"1";"1";"1"
"38963";"56";"1";"1";"1"
"40265";"132";"4";"4";"1"
"41789";"161";"4";"4";"1"
"44962";"36";"1";"1";"1"
"46652";"56";"1";"1";"1"
"48101";"306";"4";"4";"1"
"49820";"46";"1";"1";"1"
"30755";"114";"1";"4";"1"
"28851";"126";"1";"4";"1"
"29269";"101";"1";"1";"1"
"29904";"106";"1";"4";"1"
"30283";"126";"1";"4";"1"
"32566";"146";"4";"4";"1"
"33246";"12";"1";"1";"1"
"33877";"173";"4";"4";"1"
"35197";"46";"1";"1";"1"
"29569";"74";"1";"1";"1"
"36767";"36";"1";"1";"1"
"38236";"148";"4";"4";"1"
"39300";"101";"1";"1";"1"
"35977";"166";"4";"4";"1"
"43537";"153";"4";"4";"1"
"37135";"36";"1";"1";"1"
"40589";"126";"1";"4";"1"
"39725";"81";"1";"1";"1"
"30068";"153";"4";"4";"1"
"30840";"141";"4";"4";"1"
"31229";"66";"1";"1";"1"
"32997";"56";"1";"1";"1"
"33481";"76";"1";"1";"1"
"34772";"257";"4";"4";"1"
"36561";"184";"4";"4";"1"
"36014";"198";"4";"4";"1"
"37901";"45";"1";"1";"1"
"40086";"26";"1";"1";"1"
"39647";"26";"1";"1";"1"
"34883";"524";"4";"4";"1"
"33173";"364";"4";"4";"1"
"46199";"186";"4";"4";"1"
"47839";"16";"1";"1";"1"
"49340";"56";"1";"1";"1"
"28171";"578";"4";"4";"1"
"28841";"86";"1";"1";"1"
"28895";"118";"1";"4";"1"
"29898";"394";"4";"4";"1"
"31348";"32";"1";"1";"1"
"30853";"221";"4";"4";"1"
"31295";"128";"4";"4";"1"
"31960";"124";"1";"4";"1"
"32674";"66";"1";"1";"1"
"31678";"96";"1";"1";"1"
"33760";"216";"4";"4";"1"
"35819";"58";"1";"1";"1"
"38041";"214";"4";"4";"1"
"37503";"66";"1";"1";"1"
"37585";"36";"1";"1";"1"
"40488";"42";"1";"1";"1"
"40137";"112";"1";"4";"1"
"42500";"155";"4";"4";"1"
"44730";"241";"4";"4";"1"
"47388";"46";"1";"1";"1"
"49165";"126";"1";"4";"1"
"29741";"342";"4";"4";"1"
"31071";"153";"4";"4";"1"
"30192";"443";"4";"4";"1"
"35089";"97";"1";"1";"1"
"36694";"136";"4";"4";"1"
"39761";"72";"1";"1";"2"
"40264";"338";"4";"4";"2"
"28236";"1400";"4";"4";"2"
"32904";"468";"4";"4";"2"
"37363";"139";"4";"4";"2"
"37087";"91";"1";"1";"2"
"39038";"454";"4";"4";"2"
"32239";"310";"4";"4";"2"
"35476";"81";"1";"1";"2"
"34940";"57";"1";"1";"2"
"42123";"136";"4";"4";"2"
"46561";"171";"4";"4";"2"
"37369";"61";"1";"1";"2"
"34453";"91";"1";"1";"2"
"39679";"466";"4";"4";"2"
"40029";"490";"4";"4";"2"
"35916";"288";"4";"4";"2"
"30363";"158";"4";"4";"2"
"30348";"331";"4";"4";"2"
"44653";"189";"4";"4";"2"
"33254";"491";"4";"4";"2"
"36238";"529";"4";"4";"2"
"42534";"203";"4";"4";"2"
"33590";"151";"4";"4";"2"
"29288";"451";"4";"4";"2"
"39579";"61";"1";"1";"2"
"28093";"897";"4";"4";"2"
"30560";"135";"4";"4";"2"
"30980";"123";"1";"4";"2"
"32653";"163";"4";"4";"2"
"32598";"151";"4";"4";"2"
"30780";"141";"4";"4";"2"
"33883";"207";"4";"4";"2"
"33717";"211";"4";"4";"2"
"29180";"361";"4";"4";"2"
"30259";"306";"4";"4";"2"
"43504";"263";"4";"4";"2"
"28263";"1637";"4";"4";"2"
"29176";"381";"4";"4";"2"
"34932";"286";"4";"4";"2"
"40746";"259";"4";"4";"2"
"32612";"107";"1";"4";"2"
"39737";"121";"1";"4";"2"
"36630";"640";"4";"4";"2"
"44071";"191";"4";"4";"2"
"34310";"315";"4";"4";"2"
"37540";"306";"4";"4";"2"
"41802";"141";"4";"4";"2"
"28554";"1252";"4";"4";"2"
"28719";"603";"4";"4";"2"
"28861";"712";"4";"4";"2"
"31951";"181";"4";"4";"2"
"38846";"91";"1";"1";"2"
"30957";"181";"4";"4";"2"
"29987";"167";"4";"4";"2"
"31736";"524";"4";"4";"2"
"39103";"117";"1";"4";"2"
"44822";"201";"4";"4";"2"
"39840";"367";"4";"4";"2"
"29666";"275";"4";"4";"2"
"43268";"111";"1";"4";"2"
"28603";"551";"4";"4";"2"
"31022";"323";"4";"4";"2"
"31568";"221";"4";"4";"2"
"29998";"91";"1";"1";"2"
"37743";"199";"4";"4";"2"
"37177";"352";"4";"4";"2"
"39318";"372";"4";"4";"2"
"40734";"121";"1";"4";"2"
"49520";"387";"4";"4";"2"
"28525";"161";"4";"4";"2"
"30779";"341";"4";"4";"2"
"33533";"361";"4";"4";"2"
"34299";"767";"4";"4";"2"
"37244";"224";"4";"4";"2"
"44430";"210";"4";"4";"2"
"29188";"631";"4";"4";"2"
"29893";"389";"4";"4";"2"
"32541";"181";"4";"4";"2"
"36554";"302";"4";"4";"2"
"36747";"181";"4";"4";"2"
"38500";"108";"1";"4";"2"
"39063";"59";"1";"1";"2"
"40449";"161";"4";"4";"2"
"32448";"85";"1";"1";"2"
"30835";"481";"4";"4";"2"
"39754";"141";"4";"4";"2"
"42910";"407";"4";"4";"2"
"43986";"241";"4";"4";"2"
"44468";"371";"4";"4";"2"
"28586";"614";"4";"4";"2"
"31522";"241";"4";"4";"2"
"36336";"221";"4";"4";"2"
"38800";"437";"4";"4";"2"
"40395";"150";"4";"4";"2"
"43528";"61";"1";"1";"2"
"29517";"367";"4";"4";"2"
"28269";"613";"4";"4";"2"
"29091";"271";"4";"4";"2"
"36724";"161";"4";"4";"2"
"40373";"95";"1";"1";"2"
"32178";"441";"4";"4";"2"
"31104";"181";"4";"4";"2"
"40516";"64";"1";"1";"2"
"42021";"129";"4";"4";"2"
"29475";"250";"4";"4";"2"
"29268";"381";"4";"4";"2"
"29903";"279";"4";"4";"2"
"35714";"330";"4";"4";"2"
"31081";"830";"4";"4";"2"
"48755";"256";"4";"4";"2"
"29381";"301";"4";"4";"2"
"31757";"484";"4";"4";"2"
"36705";"211";"4";"4";"2"
"39165";"309";"4";"4";"2"
"37417";"181";"4";"4";"2"
"37922";"332";"4";"4";"2"
"36163";"507";"4";"4";"2"
"28616";"849";"4";"4";"2"
"28724";"261";"4";"4";"2"
"34552";"139";"4";"4";"2"
"34515";"481";"4";"4";"2"
"36008";"121";"1";"4";"2"
"41280";"249";"4";"4";"2"
"43718";"101";"1";"1";"2"
"28503";"304";"4";"4";"2"
"30545";"293";"4";"4";"2"
"42322";"275";"4";"4";"2"
"28160";"481";"4";"4";"2"
"29748";"181";"4";"4";"2"
"31475";"293";"4";"4";"2"
"31997";"446";"4";"4";"2"
"40241";"203";"4";"4";"2"
"35116";"101";"1";"1";"2"
"33570";"390";"4";"4";"2"
"42806";"81";"1";"1";"2"
"28230";"1253";"4";"4";"2"
"39836";"132";"4";"4";"2"
"38771";"221";"4";"4";"2"
"42395";"75";"1";"1";"2"
"28278";"1181";"4";"4";"2"
"31457";"262";"4";"4";"2"
"29265";"305";"4";"4";"2"
"31677";"221";"4";"4";"2"
"32160";"131";"4";"4";"2"
"43001";"583";"4";"4";"3"
"47581";"195";"4";"4";"3"
"29119";"346";"4";"4";"3"
"33095";"653";"4";"4";"3"
"35599";"334";"4";"4";"3"
"45611";"186";"4";"4";"3"
"32699";"668";"4";"4";"3"
"40804";"124";"1";"4";"3"
"47355";"214";"4";"4";"3"
"45099";"591";"4";"4";"3"
"28119";"562";"4";"4";"3"
"28150";"1867";"4";"4";"3"
"49783";"464";"4";"4";"3"
"29328";"499";"4";"4";"3"
"45965";"799";"4";"4";"3"
"48905";"314";"4";"4";"3"
"30060";"652";"4";"4";"3"
"30702";"484";"4";"4";"3"
"44431";"614";"4";"4";"3"
"45042";"168";"4";"4";"3"
"35728";"154";"4";"4";"3"
"40446";"126";"1";"4";"3"
"40906";"195";"4";"4";"3"
"30507";"296";"4";"4";"3"
"34790";"216";"4";"4";"3"
"42435";"310";"4";"4";"3"
"47757";"590";"4";"4";"3"
"28216";"621";"4";"4";"3"
"28607";"353";"4";"4";"3"
"30098";"300";"4";"4";"3"
"33766";"2005";"4";"4";"3"
"40324";"256";"4";"4";"3"
"28627";"278";"4";"4";"3"
"36191";"454";"4";"4";"3"
"49514";"265";"4";"4";"3"
"36246";"556";"4";"4";"3"
"33522";"385";"4";"4";"3"
"38493";"394";"4";"4";"3"
"32664";"610";"4";"4";"3"
"39173";"312";"4";"4";"3"
"36193";"647";"4";"4";"3"
"28430";"847";"4";"4";"3"
"28208";"1201";"4";"4";"3"
"29602";"456";"4";"4";"3"
"30580";"390";"4";"4";"3"
"41705";"146";"4";"4";"3"
"40323";"253";"4";"4";"3"
"48483";"146";"4";"4";"3"
"33982";"473";"4";"4";"3"
"34461";"136";"4";"4";"3"
"29419";"1055";"4";"4";"3"
"37107";"146";"4";"4";"3"
"40342";"121";"1";"4";"3"
"46392";"196";"4";"4";"3"
"35772";"746";"4";"4";"3"
"36372";"336";"4";"4";"3"
"47571";"404";"4";"4";"3"
"29921";"585";"4";"4";"3"
"28570";"536";"4";"4";"3"
"31108";"146";"4";"4";"3"
"38192";"695";"4";"4";"3"
"38993";"320";"4";"4";"3"
"30531";"378";"4";"4";"3"
"28691";"967";"4";"4";"3"
"29793";"1128";"4";"4";"3"
"33547";"944";"4";"4";"3"
"36414";"527";"4";"4";"3"
"33147";"266";"4";"4";"3"
"33888";"175";"4";"4";"3"
"33923";"405";"4";"4";"3"
"43662";"219";"4";"4";"3"
"29784";"482";"4";"4";"3"
"32274";"480";"4";"4";"3"
"30792";"228";"4";"4";"3"
"43066";"346";"4";"4";"3"
"32269";"176";"4";"4";"3"
"42998";"430";"4";"4";"3"
"28296";"936";"4";"4";"3"
"29655";"445";"4";"4";"3"
"30258";"329";"4";"4";"3"
"44419";"196";"4";"4";"3"
"28523";"630";"4";"4";"3"
"30110";"366";"4";"4";"3"
"47548";"406";"4";"4";"3"
"35308";"648";"4";"4";"3"
"30409";"176";"4";"4";"3"
"28117";"925";"4";"4";"4"
"28128";"738";"4";"4";"4"
"39861";"446";"4";"4";"4"
"28815";"972";"4";"4";"4"
"29400";"775";"4";"4";"4"
"39118";"409";"4";"4";"4"
"37052";"341";"4";"4";"4"
"31992";"617";"4";"4";"4"
"43373";"681";"4";"4";"4"
"30354";"453";"4";"4";"4"
"30713";"416";"4";"4";"4"
"36283";"306";"4";"4";"4"
"29660";"753";"4";"4";"4"
"42978";"469";"4";"4";"4"
"30194";"417";"4";"4";"4"
"41110";"417";"4";"4";"4"
"42884";"191";"4";"4";"4"
"35377";"464";"4";"4";"4"
"28133";"737";"4";"4";"4"
"31381";"409";"4";"4";"4"
"48339";"532";"4";"4";"4"
"28959";"441";"4";"4";"4"
"34185";"509";"4";"4";"4"
"30202";"568";"4";"4";"4"
"29736";"708";"4";"4";"4"
"28349";"1596";"4";"4";"4"
"30865";"922";"4";"4";"4"
"28974";"590";"4";"4";"4"
"34842";"345";"4";"4";"4"
"28832";"547";"4";"4";"4"
"28683";"644";"4";"4";"4"
"34765";"638";"4";"4";"4"
"36516";"943";"4";"4";"4"
"36073";"602";"4";"4";"4"
"34207";"403";"4";"4";"4"
"28618";"2877";"4";"4";"4"
"32554";"883";"4";"4";"4"
"39808";"445";"4";"4";"4"
"28348";"1394";"4";"4";"4"
"41702";"130";"4";"4";"4"
"43470";"373";"4";"4";"4"
"48529";"321";"4";"4";"4"
"39394";"449";"4";"4";"4"
"31780";"195";"4";"4";"4"
"41159";"406";"4";"4";"4"
"37208";"527";"4";"4";"4"
"47160";"553";"4";"4";"4"
"34810";"884";"4";"4";"4"
"28995";"1482";"4";"4";"5"
"30311";"467";"4";"4";"5"
"38182";"161";"4";"4";"5"
"36506";"796";"4";"4";"5"
"29913";"1143";"4";"4";"5"
"31318";"775";"4";"4";"5"
"30874";"576";"4";"4";"5"
"46830";"1149";"4";"4";"5"
"29223";"614";"4";"4";"5"
"31466";"804";"4";"4";"5"
"28262";"1349";"4";"4";"5"
"30253";"1034";"4";"4";"5"
"31296";"295";"4";"4";"5"
"35061";"236";"4";"4";"5"
"28295";"810";"4";"4";"5"
"30599";"571";"4";"4";"5"
"32936";"275";"4";"4";"5"
"32815";"986";"4";"4";"5"
"28990";"772";"4";"4";"5"
"29723";"516";"4";"4";"5"
"35791";"642";"4";"4";"5"
"35963";"485";"4";"4";"5"
"41140";"396";"4";"4";"5"
"47322";"721";"4";"4";"5"
"29794";"546";"4";"4";"5"
"41460";"516";"4";"4";"5"
"30182";"495";"4";"4";"5"
"28168";"991";"4";"4";"5"
"38575";"1102";"4";"4";"6"
"39282";"612";"4";"4";"6"
"29089";"981";"4";"4";"6"
"39760";"388";"4";"4";"6"
"41117";"470";"4";"4";"6"
"35834";"488";"4";"4";"6"
"28108";"1765";"4";"4";"6"
"32478";"895";"4";"4";"6"
"31026";"615";"4";"4";"6"
"37321";"676";"4";"4";"6"
"29864";"1516";"4";"4";"6"
"28498";"1614";"4";"4";"6"
"30796";"706";"4";"4";"6"
"36346";"705";"4";"4";"6"
"46090";"357";"4";"4";"6"
"30795";"616";"4";"4";"6"
"41994";"543";"4";"4";"6"
"32684";"657";"4";"4";"6"
"41735";"342";"4";"4";"6"
"28784";"661";"4";"4";"6"
"37350";"665";"4";"4";"7"
"46903";"566";"4";"4";"7"
"29387";"1144";"4";"4";"7"
"33079";"1143";"4";"4";"7"
"28405";"1588";"4";"4";"7"
"30850";"806";"4";"4";"7"
"32172";"746";"4";"4";"7"
"28141";"1427";"4";"4";"7"
"32058";"807";"4";"4";"7"
"33865";"1265";"4";"4";"7"
"43012";"500";"4";"4";"7"
"35241";"1266";"4";"4";"7"
"34349";"620";"4";"4";"7"
"28687";"1268";"4";"4";"7"
"31739";"601";"4";"4";"7"
"32494";"485";"4";"4";"7"
"35915";"1411";"4";"4";"8"
"44647";"451";"4";"4";"8"
"44181";"680";"4";"4";"8"
"37628";"563";"4";"4";"8"
"29148";"911";"4";"4";"8"
"33598";"1369";"4";"4";"8"
"30097";"719";"4";"4";"8"
"28312";"2295";"4";"4";"8"
"37385";"556";"4";"4";"8"
"36982";"1004";"4";"4";"8"
"29510";"1773";"4";"4";"8"
"28279";"1964";"4";"4";"9"
"29087";"997";"4";"4";"9"
"45053";"995";"4";"4";"9"
"31113";"814";"4";"4";"9"
"28544";"1903";"4";"4";"9"
"34549";"732";"4";"4";"9"
"45996";"1939";"4";"4";"9"
"29379";"1249";"4";"4";"9"
"33980";"1490";"4";"4";"10"
"32834";"969";"4";"4";"10"
"28149";"2574";"4";"4";"10"
"30399";"1054";"4";"4";"10"
"43090";"1782";"4";"4";"10"
"32495";"911";"4";"4";"10"
"28131";"1858";"4";"4";"10"
"30157";"1133";"4";"4";"10"
"32430";"874";"4";"4";"10"
"28126";"3708";"4";"4";"11"
"33743";"1037";"4";"4";"11"
"40703";"794";"4";"4";"11"
"29562";"674";"4";"4";"11"
"36926";"919";"4";"4";"11"
"35040";"1933";"4";"4";"12"
"28255";"2092";"4";"4";"12"
"28154";"2480";"4";"4";"12"
"28584";"2517";"4";"4";"12"
"40284";"931";"4";"4";"12"
"28292";"2154";"4";"4";"12"
"28096";"1975";"4";"4";"12"
"45263";"2157";"4";"4";"13"
"31456";"2227";"4";"4";"13"
"28162";"5181";"4";"4";"13"
"35387";"2386";"4";"4";"13"
"31561";"2415";"4";"4";"13"
"41298";"2171";"4";"4";"13"
"41467";"917";"4";"4";"13"
"41474";"1627";"4";"4";"13"
"35990";"1507";"4";"4";"13"
"44409";"742";"4";"4";"13"
"28215";"1649";"4";"4";"13"
"36415";"1062";"4";"4";"14"
"37326";"1836";"4";"4";"14"
"28375";"3984";"4";"4";"14"
"29123";"2690";"4";"4";"14"
"39026";"1341";"4";"4";"14"
"28509";"2413";"4";"4";"14"
"37117";"2105";"4";"4";"14"
"28244";"4248";"4";"4";"14"
"35221";"1543";"4";"4";"15"
"40870";"1583";"4";"4";"15"
"43409";"600";"4";"4";"15"
"30798";"1215";"4";"4";"15"
"44117";"1288";"4";"4";"15"
"29329";"1951";"4";"4";"15"
"39952";"2387";"4";"4";"16"
"35583";"1551";"4";"4";"16"
"37435";"1205";"4";"4";"16"
"38353";"2214";"4";"4";"16"
"35456";"1719";"4";"4";"16"
"38976";"1197";"4";"4";"16"
"29432";"1522";"4";"4";"16"
"29392";"1785";"4";"4";"16"
"35443";"2100";"4";"4";"16"
"39006";"1819";"4";"4";"16"
"41973";"1915";"4";"4";"16"
"30823";"1532";"4";"4";"17"
"28497";"3215";"4";"4";"17"
"39144";"2051";"4";"4";"17"
"30831";"1136";"4";"4";"17"
"33738";"1364";"4";"4";"17"
"30384";"4375";"4";"4";"17"
"36026";"2115";"4";"4";"17"
"31335";"1554";"4";"4";"18"
"39722";"1853";"4";"4";"18"
"41522";"2501";"4";"4";"19"
"34129";"2819";"4";"4";"19"
"34961";"1473";"4";"4";"19"
"39050";"2241";"4";"4";"19"
"28450";"5101";"4";"4";"19"
"32290";"2648";"4";"4";"19"
"47535";"1740";"4";"4";"19"
"28139";"3582";"4";"4";"20"
"30548";"1729";"4";"4";"21"
"29809";"4702";"4";"4";"21"
"31328";"1898";"4";"4";"22"
"30451";"3319";"4";"4";"22"
"33156";"2108";"4";"4";"23"
"34594";"2563";"4";"4";"23"
"38540";"2182";"4";"4";"23"
"28579";"3561";"4";"4";"24"
"29112";"3230";"4";"4";"25"
"32659";"2510";"4";"4";"25"
"28802";"3119";"4";"4";"27"
"28111";"5362";"4";"4";"28"
"28488";"8308";"4";"4";"29"
"38858";"3372";"4";"4";"29"
"28191";"3673";"4";"4";"29"
"29919";"2383";"4";"4";"30"
"35962";"2167";"4";"4";"30"
"36103";"2743";"4";"4";"30"
"28760";"4910";"4";"4";"30"
"30660";"3720";"4";"4";"33"
"36171";"2453";"4";"4";"33"
"30509";"3201";"4";"4";"33"
"31264";"4300";"4";"4";"33"
"28148";"5367";"4";"4";"35"
"28304";"3623";"4";"4";"36"
"30773";"3380";"4";"4";"36"
"37462";"6131";"4";"4";"37"
"36265";"3019";"4";"4";"37"
"30332";"7030";"4";"4";"37"
"32045";"3175";"4";"4";"37"
"30647";"4913";"4";"4";"39"
"31138";"2630";"4";"4";"39"
"33226";"4217";"4";"4";"40"
"28194";"6252";"4";"4";"40"
"28821";"5806";"4";"4";"41"
"28090";"7295";"4";"4";"41"
"37613";"4394";"4";"4";"42"
"36835";"4353";"4";"4";"42"
"42459";"5648";"4";"4";"44"
"28151";"10041";"4";"4";"44"
"32046";"5124";"4";"4";"45"
"33501";"6414";"4";"4";"45"
"35079";"7639";"4";"4";"46"
"28167";"2717";"4";"4";"47"
"32049";"4798";"4";"4";"52"
"29656";"4889";"4";"4";"60"
"29205";"8133";"4";"4";"62"
"38725";"9880";"4";"4";"64"
"28188";"9311";"4";"4";"65"
"32586";"6449";"4";"4";"66"
"37780";"11647";"4";"4";"70"
"29271";"10250";"4";"4";"72"
"35420";"5758";"4";"4";"78"
"44492";"6353";"4";"4";"78"
"40886";"6953";"4";"4";"85"
"30767";"8421";"4";"4";"95"
"29521";"13495";"4";"4";"100"
"32489";"9329";"4";"4";"106"
"30392";"12966";"4";"4";"109"
"28951";"10874";"4";"4";"111"
"31600";"16346";"4";"4";"139"
"30400";"24240";"4";"4";"185"
"29284";"18988";"4";"4";"214"
"34685";"35925";"4";"4";"271"
"30772";"36578";"4";"4";"284"
"30160";"28629";"4";"4";"335"
"31557";"36970";"4";"4";"357"
