"id_user_source";"reciprocityCount";"profile_1";"profile_2"
"50181";"852";"4";"4"
"50184";"186";"4";"4"
"50185";"235";"4";"4"
"50186";"247";"4";"4"
"50188";"1038";"4";"4"
"50190";"62";"4";"4"
"50192";"62";"4";"4"
"50196";"1918";"4";"4"
"50197";"202";"4";"4"
"50198";"33";"4";"4"
"50199";"338";"4";"4"
"50204";"3652";"4";"4"
"50206";"489";"4";"4"
"50208";"123";"4";"4"
"50209";"186";"4";"4"
"50212";"55";"1";"4"
"50213";"1312";"4";"4"
"50216";"173";"4";"4"
"50217";"121";"4";"4"
"50221";"223";"4";"4"
"50224";"11";"4";"4"
"50231";"300";"4";"4"
"50234";"31";"4";"4"
"50235";"54";"4";"4"
"50238";"310";"4";"4"
"50240";"2";"1";"1"
"50247";"650";"4";"4"
"50248";"122";"4";"4"
"50252";"430";"4";"4"
"50255";"1186";"4";"4"
"50257";"367";"4";"4"
"50258";"1781";"4";"4"
"50261";"105";"4";"4"
"50264";"62";"4";"4"
"50265";"146";"4";"4"
"50266";"55";"4";"4"
"50270";"123";"4";"4"
"50275";"209";"4";"4"
"50278";"260";"4";"4"
"50280";"180";"4";"4"
"50287";"567";"4";"4"
"50291";"124";"4";"4"
"50294";"521";"4";"4"
"50297";"332";"4";"4"
"50301";"61";"4";"4"
"50306";"792";"4";"4"
"50310";"366";"4";"4"
"50312";"230";"4";"4"
"50317";"269";"4";"4"
"50318";"118";"4";"4"
"50321";"705";"4";"4"
"50324";"62";"4";"4"
"50332";"466";"4";"4"
"50340";"62";"4";"4"
"50357";"1869";"4";"4"
"50360";"1921";"4";"4"
"50365";"161";"4";"4"
"50391";"62";"4";"4"
"50399";"61";"4";"4"
"50400";"44";"4";"4"
"50412";"50";"4";"4"
"50418";"138";"4";"4"
"50422";"122";"4";"4"
"50423";"104";"4";"4"
"50425";"183";"4";"4"
"50426";"61";"4";"4"
"50428";"61";"4";"4"
"50430";"142";"4";"4"
"50437";"59";"4";"4"
"50439";"61";"4";"4"
"50440";"61";"1";"1"
"50441";"6204";"4";"4"
"50447";"61";"4";"4"
"50449";"66";"4";"4"
"50454";"153";"4";"4"
"50457";"76";"1";"1"
"50464";"61";"4";"4"
"50465";"61";"4";"4"
"50467";"130";"4";"4"
"50469";"1938";"4";"4"
"50482";"59";"4";"4"
"50484";"61";"1";"1"
"50486";"270";"4";"4"
"50490";"415";"4";"4"
"50496";"108";"4";"4"
"50499";"61";"1";"1"
"50503";"56";"4";"4"
"50507";"58";"4";"4"
"50508";"359";"4";"4"
"50510";"120";"4";"4"
"50513";"45";"4";"4"
"50518";"1146";"4";"4"
"50522";"42";"4";"4"
"50531";"60";"4";"4"
"50532";"158";"4";"4"
"50533";"159";"4";"4"
"50536";"60";"4";"4"
"50537";"217";"4";"4"
"50538";"274";"4";"4"
"50543";"9";"4";"4"
"50547";"60";"4";"4"
"50548";"205";"4";"4"
"50553";"24";"4";"4"
"50560";"58";"4";"4"
"50561";"118";"4";"4"
"50562";"7244";"4";"4"
"50574";"172";"1";"1"
"50582";"129";"4";"4"
"50583";"59";"4";"4"
"50586";"37";"1";"1"
"50587";"165";"4";"4"
"50592";"59";"4";"4"
"50597";"51";"4";"4"
"50598";"10";"4";"4"
"50600";"59";"4";"4"
"50604";"59";"1";"1"
"50605";"1427";"4";"4"
"50611";"222";"4";"4"
"50614";"33";"4";"4"
"50615";"107";"4";"4"
"50621";"2819";"4";"4"
"50622";"59";"1";"1"
"50623";"41";"4";"4"
"50630";"38";"4";"4"
"50632";"59";"4";"4"
"50638";"13";"4";"4"
"50639";"114";"1";"1"
"50644";"118";"4";"4"
"50647";"147";"4";"4"
"50652";"55";"1";"1"
"50653";"116";"4";"4"
"50660";"58";"4";"4"
"50666";"14";"4";"4"
"50670";"58";"4";"4"
"50672";"343";"4";"4"
"50676";"27";"4";"4"
"50690";"58";"4";"4"
"50701";"399";"4";"4"
"50705";"107";"4";"4"
"50709";"58";"4";"4"
"50713";"472";"4";"4"
"50714";"219";"1";"1"
"50719";"58";"1";"1"
"50720";"219";"4";"4"
"50727";"58";"4";"4"
"50730";"57";"4";"4"
"50733";"118";"4";"4"
"50736";"43";"4";"4"
"50738";"58";"4";"4"
"50741";"86";"4";"4"
"50744";"58";"1";"1"
"50745";"115";"4";"4"
"50753";"57";"4";"4"
"50760";"47";"4";"4"
"50768";"51";"4";"4"
"50771";"105";"4";"4"
"50775";"890";"4";"4"
"50776";"57";"1";"1"
"50777";"34";"4";"4"
"50778";"57";"1";"4"
"50785";"52";"4";"4"
"50786";"57";"4";"4"
"50788";"55";"4";"4"
"50790";"57";"1";"1"
"50793";"154";"4";"4"
"50797";"161";"4";"4"
"50801";"57";"4";"4"
"50803";"403";"4";"4"
"50805";"56";"4";"4"
"50806";"44";"4";"4"
"50810";"170";"4";"4"
"50812";"57";"1";"1"
"50815";"57";"4";"4"
"50825";"56";"4";"4"
"50828";"155";"4";"4"
"50834";"39";"4";"4"
"50835";"136";"4";"4"
"50837";"57";"1";"1"
"50841";"97";"4";"4"
"50844";"53";"4";"4"
"50845";"56";"4";"4"
"50853";"56";"1";"1"
"50854";"271";"4";"4"
"50856";"68";"4";"4"
"50859";"56";"4";"4"
"50862";"56";"1";"1"
"50865";"56";"4";"4"
"50869";"100";"4";"4"
"50870";"43";"1";"1"
"50872";"112";"1";"1"
"50875";"201";"4";"4"
"50876";"56";"4";"4"
"50880";"56";"1";"4"
"50882";"160";"4";"4"
"50884";"112";"4";"4"
"50886";"111";"4";"4"
"50888";"158";"4";"4"
"50896";"50";"4";"4"
"50929";"77";"4";"4"
"50939";"842";"4";"4"
"50943";"55";"1";"1"
"50945";"35";"4";"4"
"50946";"55";"1";"4"
"50947";"489";"4";"4"
"50955";"54";"1";"1"
"50959";"55";"4";"4"
"50966";"55";"1";"1"
"50968";"216";"4";"4"
"50969";"141";"4";"4"
"50984";"53";"1";"1"
"50988";"55";"1";"1"
"50993";"55";"4";"4"
"50995";"55";"1";"1"
"50996";"55";"4";"4"
"51012";"55";"1";"1"
"51014";"55";"4";"4"
"51015";"76";"4";"4"
"51017";"47";"4";"4"
"51024";"187";"4";"4"
"51026";"90";"4";"4"
"51030";"55";"4";"4"
"51035";"122";"4";"4"
"51039";"55";"1";"1"
"51054";"54";"4";"4"
"51060";"54";"4";"4"
"51065";"43";"4";"4"
"51067";"54";"1";"1"
"51076";"54";"1";"1"
"51078";"219";"4";"4"
"51079";"52";"4";"4"
"51087";"136";"4";"4"
"51093";"54";"4";"4"
"51094";"48";"4";"4"
"51098";"26";"4";"4"
"51104";"89";"4";"4"
"51108";"108";"4";"4"
"51109";"54";"4";"4"
"51110";"54";"1";"1"
"51111";"139";"4";"4"
"51113";"108";"4";"4"
"51115";"39";"4";"4"
"51121";"54";"4";"4"
"51122";"106";"1";"1"
"51124";"56";"4";"4"
"51146";"47";"4";"4"
"51149";"52";"4";"4"
"51172";"53";"4";"4"
"51184";"53";"1";"1"
"51195";"112";"4";"4"
"51196";"520";"4";"4"
"51204";"35";"4";"4"
"51206";"53";"1";"1"
"51210";"53";"4";"4"
"51231";"53";"4";"4"
"51233";"47";"4";"4"
"51236";"29";"4";"4"
"51242";"191";"4";"4"
"51250";"53";"4";"4"
"51254";"106";"4";"4"
"51259";"19";"4";"4"
"51264";"237";"4";"4"
"51266";"48";"4";"4"
"51271";"53";"4";"4"
"51273";"26";"1";"1"
"51282";"33";"4";"4"
"51290";"49";"4";"4"
"51293";"52";"4";"4"
"51303";"52";"4";"4"
"51304";"49";"4";"4"
"51307";"1191";"4";"4"
"51321";"50";"4";"4"
"51322";"419";"4";"4"
"51323";"52";"1";"1"
"51326";"52";"4";"4"
"51330";"50";"1";"1"
"51332";"46";"4";"4"
"51333";"47";"1";"1"
"51334";"32";"1";"1"
"51336";"47";"4";"4"
"51339";"52";"1";"1"
"51342";"510";"4";"4"
"51344";"144";"4";"4"
"51347";"5";"4";"4"
"51356";"52";"4";"4"
"51360";"52";"4";"4"
"51361";"182";"4";"4"
"51362";"332";"4";"4"
"51363";"50";"4";"4"
"51367";"51";"4";"4"
"51377";"59";"4";"4"
"51381";"1251";"4";"4"
"51391";"27";"4";"4"
"51397";"102";"1";"1"
"51407";"323";"4";"4"
"51412";"6";"4";"4"
"51421";"90";"4";"4"
"51426";"570";"4";"4"
"51430";"38";"4";"4"
"51432";"51";"1";"1"
"51441";"51";"1";"1"
"51443";"22";"4";"4"
"51445";"38";"1";"1"
"51446";"1060";"4";"4"
"51448";"51";"4";"4"
"51449";"24";"4";"4"
"51451";"51";"4";"4"
"51457";"51";"1";"4"
"51463";"102";"1";"1"
"51468";"102";"4";"4"
"51478";"111";"4";"4"
"51490";"51";"1";"1"
"51492";"51";"4";"4"
"51502";"2251";"4";"4"
"51505";"96";"4";"4"
"51511";"50";"1";"1"
"51515";"49";"1";"1"
"51522";"50";"1";"1"
"51524";"50";"4";"4"
"51525";"50";"1";"1"
"51527";"100";"4";"4"
"51532";"278";"4";"4"
"51537";"83";"4";"4"
"51538";"50";"4";"4"
"51543";"50";"1";"1"
"51546";"142";"4";"4"
"51551";"194";"1";"4"
"51564";"48";"4";"4"
"51567";"964";"4";"4"
"51579";"847";"4";"4"
"51592";"50";"4";"4"
"51595";"48";"4";"4"
"51603";"50";"4";"4"
"51604";"49";"4";"4"
"51605";"50";"4";"4"
"51606";"50";"4";"4"
"51625";"50";"1";"1"
"51632";"34";"4";"4"
"51647";"126";"4";"4"
"51649";"49";"4";"4"
"51650";"98";"4";"4"
"51652";"42";"1";"1"
"51654";"188";"4";"4"
"51655";"707";"4";"4"
"51664";"45";"4";"4"
"51666";"47";"1";"1"
"51670";"93";"4";"4"
"51675";"49";"4";"4"
"51685";"49";"4";"4"
"51686";"98";"1";"1"
"51688";"147";"4";"4"
"51690";"49";"4";"4"
"51692";"49";"1";"1"
"51696";"49";"1";"1"
"51697";"91";"1";"1"
"51700";"45";"4";"4"
"51701";"49";"1";"1"
"51704";"49";"4";"4"
"51707";"49";"4";"4"
"51708";"18";"4";"4"
"51720";"89";"4";"4"
"51722";"19";"4";"4"
"51723";"83";"4";"4"
"51724";"49";"4";"4"
"51729";"98";"4";"4"
"51735";"49";"4";"4"
"51738";"87";"4";"4"
"51742";"80";"4";"4"
"51743";"576";"4";"4"
"51745";"49";"1";"1"
"51746";"198";"4";"4"
"51747";"49";"1";"1"
"51750";"49";"4";"4"
"51754";"49";"1";"1"
"51755";"15";"4";"4"
"51758";"38";"4";"4"
"51761";"32";"4";"4"
"51765";"86";"4";"4"
"51769";"48";"4";"4"
"51778";"96";"4";"4"
"51780";"48";"4";"4"
"51782";"40";"4";"4"
"51797";"143";"4";"4"
"51812";"48";"1";"1"
"51813";"48";"1";"4"
"51816";"48";"1";"1"
"51818";"329";"4";"4"
"51823";"28";"1";"1"
"51824";"91";"4";"4"
"51825";"48";"4";"4"
"51826";"1097";"4";"4"
"51827";"356";"4";"4"
"51828";"48";"4";"4"
"51831";"47";"4";"4"
"51835";"20";"4";"4"
"51838";"11";"4";"4"
"51867";"48";"4";"4"
"51871";"127";"4";"4"
"51872";"48";"4";"4"
"51874";"39";"4";"4"
"51877";"48";"1";"1"
"51879";"209";"4";"4"
"51887";"95";"4";"4"
"51892";"22";"4";"4"
"51897";"93";"1";"1"
"51902";"43";"4";"4"
"51908";"41";"4";"4"
"51910";"76";"4";"4"
"51913";"47";"4";"4"
"51918";"47";"1";"1"
"51923";"42";"1";"1"
"51928";"115";"4";"4"
"51937";"73";"4";"4"
"51942";"47";"4";"4"
"51944";"47";"1";"4"
"51953";"47";"4";"4"
"51968";"93";"4";"4"
"51970";"47";"1";"1"
"51972";"47";"1";"1"
"51975";"84";"4";"4"
"51977";"47";"1";"4"
"51978";"10";"4";"4"
"51985";"47";"1";"4"
"51994";"174";"4";"4"
"52000";"422";"4";"4"
"52001";"1439";"4";"4"
"52002";"93";"4";"4"
"52012";"94";"4";"4"
"52013";"31";"4";"4"
"52014";"347";"4";"4"
"52015";"46";"4";"4"
"52021";"157";"4";"4"
"52022";"709";"4";"4"
"52024";"150";"4";"4"
"52035";"47";"4";"4"
"52036";"112";"4";"4"
"52039";"47";"1";"1"
"52044";"610";"4";"4"
"52045";"47";"1";"1"
"52049";"47";"4";"4"
"52051";"143";"4";"4"
"52052";"29";"4";"4"
"52059";"46";"4";"4"
"52062";"46";"4";"4"
"52064";"92";"1";"4"
"52071";"63";"4";"4"
"52073";"45";"4";"4"
"52078";"40";"1";"1"
"52079";"45";"1";"4"
"52086";"46";"1";"4"
"52087";"147";"4";"4"
"52089";"11";"1";"4"
"52092";"176";"4";"4"
"52110";"46";"1";"1"
"52116";"154";"1";"1"
"52117";"46";"1";"1"
"52120";"31";"4";"4"
"52123";"46";"4";"4"
"52126";"89";"4";"4"
"52127";"46";"1";"1"
"52130";"46";"1";"1"
"52133";"25";"1";"1"
"52139";"46";"1";"1"
"52149";"22";"4";"4"
"52150";"46";"1";"1"
"52157";"46";"4";"4"
"52158";"86";"4";"4"
"52169";"92";"4";"4"
"52174";"45";"1";"1"
"52178";"46";"1";"1"
"52184";"42";"4";"4"
"52187";"64";"4";"4"
"52188";"3";"4";"4"
"52190";"425";"4";"4"
"52198";"45";"1";"1"
"52200";"26";"4";"4"
"52203";"43";"1";"1"
"52208";"45";"1";"1"
"52209";"43";"1";"1"
"52216";"41";"4";"4"
"52218";"45";"4";"4"
"52219";"120";"4";"4"
"52226";"39";"4";"4"
"52233";"45";"1";"1"
"52236";"929";"4";"4"
"52237";"26";"4";"4"
"52241";"102";"4";"4"
"52242";"36";"4";"4"
"52249";"75";"4";"4"
"52250";"45";"4";"4"
"52262";"45";"1";"4"
"52270";"7";"1";"4"
"52272";"34";"4";"4"
"52282";"45";"1";"1"
"52291";"86";"4";"4"
"52294";"34";"4";"4"
"52299";"43";"1";"1"
"52303";"1216";"4";"4"
"52309";"45";"4";"4"
"52311";"45";"1";"1"
"52326";"87";"4";"4"
"52328";"26";"4";"4"
"52331";"39";"4";"4"
"52336";"44";"1";"1"
"52346";"52";"4";"4"
"52350";"44";"4";"4"
"52352";"122";"4";"4"
"52355";"44";"4";"4"
"52368";"43";"4";"4"
"52374";"87";"4";"4"
"52377";"44";"1";"1"
"52381";"29";"4";"4"
"52388";"38";"1";"4"
"52390";"218";"4";"4"
"52393";"133";"4";"4"
"52396";"44";"1";"4"
"52398";"190";"4";"4"
"52399";"125";"1";"4"
"52403";"44";"1";"1"
"52406";"355";"4";"4"
"52408";"44";"1";"1"
"52410";"112";"4";"4"
"52420";"55";"4";"4"
"52424";"44";"1";"1"
"52432";"136";"4";"4"
"52438";"44";"1";"1"
"52444";"81";"1";"1"
"52447";"44";"1";"4"
"52448";"44";"1";"1"
"52453";"44";"4";"4"
"52457";"116";"4";"4"
"52459";"44";"4";"4"
"52460";"43";"1";"4"
"52462";"75";"4";"4"
"52465";"88";"1";"1"
"52468";"44";"4";"4"
"52474";"53";"4";"4"
"52477";"40";"4";"4"
"52478";"44";"4";"4"
"52491";"281";"4";"4"
"52495";"43";"4";"4"
"52499";"21";"4";"4"
"52503";"43";"4";"4"
"52506";"86";"4";"4"
"52507";"285";"4";"4"
"52514";"43";"4";"4"
"52516";"741";"4";"4"
"52523";"121";"1";"1"
"52527";"226";"4";"4"
"52541";"52";"4";"4"
"52547";"335";"4";"4"
"52562";"43";"4";"4"
"52564";"267";"4";"4"
"52565";"48";"4";"4"
"52574";"82";"4";"4"
"52583";"129";"4";"4"
"52593";"85";"4";"4"
"52594";"86";"4";"4"
"52599";"1880";"4";"4"
"52607";"152";"4";"4"
"52609";"43";"4";"4"
"52612";"71";"4";"4"
"52614";"43";"4";"4"
"52616";"281";"4";"4"
"52620";"43";"1";"4"
"52624";"129";"4";"4"
"52629";"38";"1";"4"
"52638";"30";"4";"4"
"52642";"43";"1";"1"
"52647";"43";"1";"1"
"52649";"43";"1";"1"
"52652";"86";"1";"1"
"52658";"395";"4";"4"
"52659";"320";"4";"4"
"52660";"43";"1";"1"
"52669";"42";"1";"1"
"52671";"251";"4";"4"
"52672";"80";"1";"4"
"52680";"37";"4";"4"
"52690";"42";"1";"1"
"52694";"42";"4";"4"
"52695";"128";"4";"4"
"52697";"42";"4";"4"
"52701";"35";"4";"4"
"52703";"183";"4";"4"
"52716";"42";"4";"4"
"52719";"109";"4";"4"
"52721";"42";"1";"1"
"52722";"20";"4";"4"
"52727";"42";"4";"4"
"52728";"126";"4";"4"
"52732";"42";"1";"1"
"52738";"42";"4";"4"
"52748";"106";"4";"4"
"52753";"42";"4";"4"
"52754";"42";"4";"4"
"52765";"84";"1";"1"
"52769";"82";"1";"1"
"52774";"42";"1";"1"
"52781";"42";"1";"1"
"52787";"41";"4";"4"
"52793";"42";"1";"1"
"52798";"42";"1";"1"
"52799";"239";"4";"4"
"52803";"474";"4";"4"
"52807";"250";"1";"1"
"52809";"20";"4";"4"
"52816";"42";"4";"4"
"52817";"42";"1";"1"
"52819";"42";"1";"1"
"52822";"42";"4";"4"
"52827";"42";"1";"1"
"52835";"42";"1";"1"
"52837";"42";"4";"4"
"52843";"199";"4";"4"
"52844";"123";"4";"4"
"52846";"84";"4";"4"
"52852";"37";"1";"1"
"52855";"311";"4";"4"
"52857";"41";"4";"4"
"52858";"31";"4";"4"
"52861";"42";"1";"1"
"52862";"38";"4";"4"
"52875";"42";"1";"1"
"52877";"42";"1";"1"
"52878";"42";"4";"4"
"52887";"41";"1";"1"
"52893";"19";"4";"4"
"52907";"322";"4";"4"
"52914";"6638";"4";"4"
"52920";"82";"4";"4"
"52924";"41";"1";"4"
"52926";"35";"1";"1"
"52930";"101";"4";"4"
"52938";"41";"1";"1"
"52943";"34";"4";"4"
"52957";"2570";"4";"4"
"52959";"82";"1";"1"
"52960";"41";"1";"1"
"52961";"41";"4";"4"
"52963";"41";"4";"4"
"52967";"79";"4";"4"
"52970";"41";"1";"1"
"52978";"1106";"4";"4"
"52979";"38";"1";"1"
"52983";"123";"1";"1"
"52986";"41";"1";"4"
"52989";"82";"1";"1"
"52992";"41";"1";"1"
"52998";"724";"4";"4"
"53000";"28";"4";"4"
"53001";"82";"1";"1"
"53004";"113";"4";"4"
"53021";"121";"4";"4"
"53023";"75";"4";"4"
"53025";"41";"1";"1"
"53042";"29";"4";"4"
"53049";"41";"4";"4"
"53051";"41";"1";"1"
"53056";"41";"4";"4"
"53062";"102";"4";"4"
"53064";"41";"4";"4"
"53068";"41";"4";"4"
"53069";"41";"1";"1"
"53071";"81";"4";"4"
"53072";"81";"4";"4"
"53078";"41";"4";"4"
"53079";"80";"4";"4"
"53087";"76";"4";"4"
"53090";"41";"4";"4"
"53099";"41";"1";"1"
"53103";"123";"1";"1"
"53105";"41";"1";"1"
"53113";"80";"1";"1"
"53116";"40";"1";"1"
"53117";"34";"1";"1"
"53121";"80";"4";"4"
"53130";"40";"1";"1"
"53132";"276";"4";"4"
"53140";"41";"1";"1"
"53145";"155";"4";"4"
"53153";"40";"4";"4"
"53159";"40";"1";"1"
"53162";"40";"4";"4"
"53172";"40";"1";"1"
"53181";"192";"4";"4"
"53182";"117";"4";"4"
"53183";"192";"4";"4"
"53187";"270";"4";"4"
"53189";"17";"4";"4"
"53190";"37";"4";"4"
"53195";"40";"1";"1"
"53196";"296";"4";"4"
"53203";"17";"1";"1"
"53204";"40";"1";"1"
"53207";"80";"4";"4"
"53208";"38";"4";"4"
"53210";"120";"4";"4"
"53212";"79";"1";"1"
"53218";"200";"4";"4"
"53222";"220";"4";"4"
"53233";"116";"4";"4"
"53236";"40";"1";"1"
"53240";"75";"4";"4"
"53244";"3";"4";"4"
"53250";"40";"4";"4"
"53251";"40";"1";"1"
"53253";"40";"1";"1"
"53259";"117";"4";"4"
"53260";"38";"1";"4"
"53265";"78";"4";"4"
"53266";"61";"1";"1"
"53274";"40";"1";"1"
"53279";"44";"4";"4"
"53282";"16";"4";"4"
"53286";"120";"4";"4"
"53287";"40";"4";"4"
"53297";"395";"4";"4"
"53301";"40";"4";"4"
"53304";"39";"1";"1"
"53311";"95";"4";"4"
"53314";"135";"4";"4"
"53323";"40";"1";"1"
"53334";"285";"4";"4"
"53335";"21";"1";"1"
"53339";"40";"1";"1"
"53346";"40";"1";"4"
"53356";"67";"1";"1"
"53361";"78";"1";"4"
"53363";"58";"4";"4"
"53365";"40";"1";"4"
"53377";"76";"1";"1"
"53380";"157";"4";"4"
"53381";"126";"4";"4"
"53382";"110";"4";"4"
"53384";"40";"1";"1"
"53389";"40";"1";"1"
"53391";"39";"4";"4"
"53394";"108";"4";"4"
"53395";"80";"4";"4"
"53396";"26";"4";"4"
"53404";"39";"1";"1"
"53409";"23";"4";"4"
"53411";"39";"1";"1"
"53423";"4";"4";"4"
"53425";"39";"1";"1"
"53427";"39";"1";"1"
"53430";"39";"1";"1"
"53438";"299";"4";"4"
"53443";"39";"1";"1"
"53446";"62";"4";"4"
"53447";"75";"4";"4"
"53448";"39";"4";"4"
"53459";"2274";"4";"4"
"53464";"64";"4";"4"
"53466";"39";"4";"4"
"53468";"3628";"4";"4"
"53485";"39";"1";"1"
"53487";"111";"4";"4"
"53490";"39";"1";"1"
"53496";"39";"1";"1"
"53498";"172";"4";"4"
"53507";"39";"1";"1"
"53508";"37";"1";"1"
"53516";"31";"1";"1"
"53519";"39";"4";"4"
"53528";"530";"4";"4"
"53529";"2560";"4";"4"
"53530";"39";"1";"1"
"53533";"35";"4";"4"
"53534";"100";"4";"4"
"53537";"131";"4";"4"
"53545";"39";"1";"1"
"53551";"39";"1";"1"
"53553";"39";"1";"1"
"53556";"78";"1";"1"
"53565";"765";"4";"4"
"53570";"39";"1";"1"
"53575";"39";"4";"4"
"53576";"33";"4";"4"
"53578";"65";"4";"4"
"53580";"24";"4";"4"
"53584";"3526";"4";"4"
"53586";"99";"4";"4"
"53593";"38";"1";"1"
"53595";"39";"4";"4"
"53596";"78";"4";"4"
"53598";"77";"4";"4"
"53599";"38";"1";"1"
"53608";"93";"4";"4"
"53610";"39";"4";"4"
"53612";"49";"4";"4"
"53617";"37";"1";"1"
"53624";"11";"1";"4"
"53626";"7";"4";"4"
"53627";"37";"1";"1"
"53629";"39";"1";"1"
"53643";"4429";"4";"4"
"53645";"28";"4";"4"
"53652";"39";"1";"1"
"53653";"857";"4";"4"
"53654";"78";"4";"4"
"53656";"33";"4";"4"
"53659";"39";"1";"4"
"53660";"63";"4";"4"
"53662";"64";"4";"4"
"53667";"14";"1";"1"
"53681";"78";"4";"4"
"53683";"39";"1";"1"
"53687";"38";"1";"1"
"53692";"34";"1";"1"
"53695";"181";"4";"4"
"53699";"38";"4";"4"
"53700";"75";"4";"4"
"53709";"38";"4";"4"
"53714";"75";"4";"4"
"53720";"38";"1";"1"
"53731";"38";"1";"1"
"53733";"75";"4";"4"
"53737";"54";"4";"4"
"53745";"76";"1";"1"
"53747";"38";"1";"1"
"53748";"38";"1";"1"
"53754";"116";"4";"4"
"53757";"24";"4";"4"
"53758";"76";"1";"1"
"53761";"38";"1";"1"
"53771";"23";"4";"4"
"53775";"36";"1";"1"
"53778";"33";"4";"4"
"53781";"38";"1";"1"
"53786";"538";"4";"4"
"53787";"38";"1";"1"
"53794";"76";"1";"4"
"53803";"390";"4";"4"
"53810";"2";"4";"4"
"53813";"25";"4";"4"
"53814";"33";"1";"1"
"53815";"38";"1";"1"
"53818";"29";"1";"1"
"53822";"38";"1";"1"
"53823";"38";"4";"4"
"53829";"34";"4";"4"
"53833";"38";"4";"4"
"53841";"7";"4";"4"
"53848";"10";"4";"4"
"53850";"33";"1";"1"
"53851";"33";"4";"4"
"53855";"33";"4";"4"
"53860";"38";"1";"1"
"53863";"70";"4";"4"
"53864";"496";"4";"4"
"53867";"38";"1";"1"
"53868";"74";"1";"1"
"53877";"276";"4";"4"
"53881";"38";"1";"1"
"53884";"38";"1";"1"
"53888";"751";"4";"4"
"53889";"38";"4";"4"
"53894";"38";"1";"1"
"53905";"38";"1";"1"
"53908";"25";"4";"4"
"53913";"38";"1";"1"
"53916";"38";"1";"1"
"53918";"38";"4";"4"
"53923";"25";"4";"4"
"53939";"34";"4";"4"
"53940";"38";"1";"4"
"53941";"38";"1";"1"
"53943";"38";"4";"4"
"53946";"44";"1";"1"
"53948";"1112";"4";"4"
"53952";"148";"1";"1"
"53953";"251";"4";"4"
"53954";"56";"4";"4"
"53957";"37";"1";"1"
"53958";"37";"1";"1"
"53959";"37";"1";"1"
"53980";"1209";"4";"4"
"53987";"37";"1";"1"
"53988";"37";"4";"4"
"53989";"74";"1";"1"
"53992";"128";"4";"4"
"53997";"37";"1";"1"
"54000";"1011";"4";"4"
"54007";"174";"4";"4"
"54015";"37";"1";"1"
"54017";"124";"4";"4"
"54029";"1467";"4";"4"
"54030";"37";"1";"1"
"54032";"37";"4";"4"
"54033";"37";"4";"4"
"54034";"67";"4";"4"
"54035";"37";"1";"1"
"54039";"37";"1";"4"
"54040";"37";"1";"1"
"54065";"37";"1";"1"
"54066";"819";"4";"4"
"54067";"72";"4";"4"
"54068";"37";"1";"1"
"54072";"87";"4";"4"
"54079";"37";"4";"4"
"54080";"33";"4";"4"
"54084";"37";"1";"1"
"54089";"34";"4";"4"
"54091";"74";"1";"1"
"54093";"54";"4";"4"
"54110";"32";"4";"4"
"54127";"36";"4";"4"
"54134";"37";"1";"1"
"54137";"37";"1";"1"
"54141";"73";"4";"4"
"54144";"36";"1";"1"
"54145";"107";"4";"4"
"54156";"82";"4";"4"
"54157";"33";"1";"1"
"54159";"37";"4";"4"
"54160";"74";"1";"1"
"54161";"37";"1";"1"
"54162";"37";"1";"1"
"54165";"37";"1";"4"
"54168";"64";"4";"4"
"54177";"15";"1";"1"
"54180";"74";"4";"4"
"54182";"71";"4";"4"
"54191";"72";"4";"4"
"54192";"103";"1";"1"
"54197";"37";"1";"1"
"54202";"23";"4";"4"
"54203";"110";"4";"4"
"54215";"26";"1";"1"
"54222";"33";"1";"4"
"54223";"16";"1";"4"
"54226";"36";"4";"4"
"54228";"428";"4";"4"
"54232";"36";"4";"4"
"54238";"320";"4";"4"
"54239";"36";"1";"1"
"54241";"35";"1";"1"
"54244";"35";"4";"4"
"54255";"133";"4";"4"
"54260";"36";"1";"1"
"54261";"36";"1";"1"
"54262";"211";"4";"4"
"54265";"36";"1";"1"
"54269";"865";"4";"4"
"54280";"58";"4";"4"
"54287";"36";"1";"4"
"54288";"213";"4";"4"
"54289";"36";"1";"1"
"54297";"36";"4";"4"
"54301";"36";"4";"4"
"54310";"36";"1";"1"
"54312";"105";"1";"4"
"54314";"68";"4";"4"
"54316";"29";"4";"4"
"54317";"21";"4";"4"
"54318";"52";"4";"4"
"54319";"106";"4";"4"
"54322";"36";"1";"1"
"54325";"36";"4";"4"
"54328";"62";"4";"4"
"54329";"36";"4";"4"
"54332";"36";"1";"1"
"54335";"158";"4";"4"
"54337";"99";"4";"4"
"54338";"36";"1";"1"
"54341";"36";"1";"1"
"54347";"36";"1";"1"
"54348";"204";"4";"4"
"54351";"36";"1";"1"
"54362";"30";"1";"1"
"54366";"26";"4";"4"
"54377";"17";"4";"4"
"54381";"36";"1";"1"
"54382";"107";"1";"1"
"54383";"36";"1";"1"
"54387";"105";"4";"4"
"54414";"107";"4";"4"
"54415";"21";"4";"4"
"54417";"36";"4";"4"
"54422";"34";"1";"1"
"54426";"61";"4";"4"
"54428";"65";"4";"4"
"54433";"36";"1";"1"
"54436";"35";"1";"1"
"54452";"201";"4";"4"
"54453";"1434";"4";"4"
"54455";"50";"4";"4"
"54463";"35";"4";"4"
"54470";"17";"4";"4"
"54475";"35";"4";"4"
"54477";"420";"4";"4"
"54478";"354";"4";"4"
"54487";"35";"1";"1"
"54490";"341";"4";"4"
"54496";"35";"1";"1"
"54497";"96";"4";"4"
"54499";"34";"4";"4"
"54501";"131";"4";"4"
"54504";"56";"4";"4"
"54511";"271";"4";"4"
"54514";"35";"1";"1"
"54526";"109";"4";"4"
"54531";"333";"4";"4"
"54537";"34";"4";"4"
"54539";"175";"4";"4"
"54540";"231";"4";"4"
"54545";"35";"4";"4"
"54552";"197";"4";"4"
"54553";"70";"1";"1"
"54554";"35";"4";"4"
"54570";"29";"4";"4"
"54573";"35";"4";"4"
"54577";"174";"4";"4"
"54580";"23";"4";"4"
"54584";"35";"4";"4"
"54587";"35";"1";"1"
"54595";"35";"1";"1"
"54598";"35";"1";"1"
"54603";"79";"4";"4"
"54610";"35";"1";"1"
"54623";"28";"4";"4"
"54655";"66";"4";"4"
"54664";"15";"4";"4"
"54668";"35";"1";"4"
"54674";"69";"4";"4"
"54685";"297";"4";"4"
"54693";"35";"1";"1"
"54697";"1237";"4";"4"
"54699";"385";"4";"4"
"54700";"30";"4";"4"
"54702";"50";"4";"4"
"54705";"35";"1";"4"
"54706";"35";"1";"1"
"54718";"2885";"4";"4"
"54723";"31";"1";"1"
"54725";"34";"1";"1"
"54730";"35";"1";"4"
"54731";"35";"1";"4"
"54732";"34";"1";"1"
"54733";"35";"1";"1"
"54738";"1685";"4";"4"
"54747";"68";"1";"4"
"54748";"34";"1";"1"
"54749";"34";"1";"1"
"54750";"29";"4";"4"
"54754";"46";"1";"1"
"54758";"34";"1";"1"
"54760";"24";"4";"4"
"54774";"59";"4";"4"
"54781";"34";"4";"4"
"54795";"34";"1";"1"
"54797";"34";"1";"1"
"54798";"34";"1";"1"
"54803";"34";"1";"4"
"54804";"63";"4";"4"
"54806";"68";"4";"4"
"54808";"1481";"4";"4"
"54810";"63";"4";"4"
"54813";"34";"4";"4"
"54815";"67";"4";"4"
"54816";"34";"1";"1"
"54817";"45";"4";"4"
"54824";"34";"4";"4"
"54826";"34";"1";"1"
"54828";"34";"1";"1"
"54836";"102";"4";"4"
"54842";"68";"1";"1"
"54855";"85";"4";"4"
"54856";"62";"4";"4"
"54863";"34";"4";"4"
"54864";"55";"4";"4"
"54872";"127";"4";"4"
"54874";"6";"4";"4"
"54877";"34";"4";"4"
"54884";"34";"4";"4"
"54887";"62";"4";"4"
"54894";"336";"4";"4"
"54897";"32";"4";"4"
"54898";"33";"4";"4"
"54901";"79";"4";"4"
"54909";"34";"4";"4"
"54911";"19";"4";"4"
"54915";"34";"4";"4"
"54920";"88";"4";"4"
"54927";"34";"4";"4"
"54928";"33";"4";"4"
"54937";"34";"4";"4"
"54951";"182";"4";"4"
"54954";"65";"1";"1"
"54966";"34";"1";"1"
"54969";"383";"4";"4"
"54970";"34";"1";"1"
"54973";"12";"4";"4"
"54978";"81";"4";"4"
"54979";"131";"4";"4"
"54984";"34";"1";"4"
"54991";"34";"1";"1"
"54995";"34";"1";"1"
"55000";"66";"4";"4"
"55003";"135";"4";"4"
"55004";"34";"1";"1"
"55018";"34";"1";"1"
"55024";"4";"4";"4"
"55028";"33";"4";"4"
"55031";"53";"4";"4"
"55040";"34";"1";"1"
"55042";"34";"4";"4"
"55056";"66";"1";"1"
"55057";"33";"4";"4"
"55058";"24";"1";"1"
"55064";"33";"4";"4"
"55066";"31";"1";"1"
"55076";"325";"4";"4"
"55077";"33";"1";"1"
"55079";"14";"4";"4"
"55082";"616";"4";"4"
"55095";"33";"1";"1"
"55098";"95";"4";"4"
"55099";"33";"1";"1"
"55106";"1955";"4";"4"
"55108";"33";"1";"1"
"55111";"60";"4";"4"
"55114";"667";"4";"4"
"55115";"33";"4";"4"
"55119";"33";"1";"1"
"55139";"33";"4";"4"
"55153";"31";"1";"4"
"55166";"128";"4";"4"
"55174";"28";"4";"4"
"55176";"18";"4";"4"
"55178";"33";"1";"1"
"55183";"66";"1";"1"
"55185";"66";"1";"1"
"55206";"33";"4";"4"
"55210";"29";"4";"4"
"55212";"33";"4";"4"
"55220";"341";"4";"4"
"55221";"33";"1";"1"
"55225";"115";"4";"4"
"55237";"33";"1";"1"
"55238";"307";"4";"4"
"55247";"132";"4";"4"
"55254";"33";"1";"4"
"55257";"64";"4";"4"
"55258";"395";"4";"4"
"55260";"33";"4";"4"
"55261";"32";"4";"4"
"55266";"33";"1";"4"
"55268";"33";"1";"1"
"55274";"33";"1";"1"
"55282";"61";"4";"4"
"55285";"130";"4";"4"
"55303";"33";"1";"1"
"55306";"64";"1";"1"
"55313";"792";"4";"4"
"55321";"331";"4";"4"
"55323";"33";"4";"4"
"55330";"66";"1";"1"
"55331";"142";"4";"4"
"55334";"33";"4";"4"
"55349";"18";"1";"1"
"55351";"20";"4";"4"
"55355";"32";"4";"4"
"55361";"33";"1";"1"
"55369";"155";"4";"4"
"55373";"60";"4";"4"
"55380";"29";"4";"4"
"55382";"82";"4";"4"
"55386";"32";"1";"1"
"55389";"63";"4";"4"
"55408";"60";"1";"4"
"55411";"33";"1";"1"
"55418";"22";"4";"4"
"55422";"32";"1";"1"
"55429";"32";"1";"1"
"55433";"32";"1";"1"
"55434";"55";"1";"4"
"55440";"62";"4";"4"
"55444";"32";"4";"4"
"55451";"32";"4";"4"
"55454";"32";"4";"4"
"55467";"81";"1";"1"
"55471";"265";"4";"4"
"55473";"107";"4";"4"
"55490";"52";"4";"4"
"55493";"32";"1";"1"
"55501";"8";"4";"4"
"55510";"31";"1";"1"
"55518";"217";"4";"4"
"55519";"32";"1";"1"
"55520";"32";"4";"4"
"55526";"32";"4";"4"
"55530";"32";"1";"1"
"55535";"32";"1";"1"
"55538";"32";"4";"4"
"55569";"28";"4";"4"
"55570";"32";"1";"1"
"55572";"32";"1";"1"
"55579";"32";"4";"4"
"55589";"31";"4";"4"
"55601";"61";"1";"4"
"55605";"24";"1";"1"
"55609";"50";"1";"1"
"55617";"54";"1";"4"
"55626";"32";"1";"1"
"55628";"32";"1";"1"
"55634";"31";"1";"1"
"55638";"114";"4";"4"
"55645";"32";"1";"1"
"55646";"64";"1";"1"
"55648";"31";"1";"1"
"55660";"96";"4";"4"
"55667";"32";"1";"1"
"55672";"31";"1";"1"
"55674";"32";"4";"4"
"55676";"32";"1";"1"
"55679";"32";"4";"4"
"55694";"95";"1";"1"
"55697";"31";"1";"1"
"55704";"346";"4";"4"
"55706";"95";"1";"1"
"55714";"32";"1";"1"
"55719";"29";"1";"1"
"55724";"32";"4";"4"
"55727";"94";"4";"4"
"55731";"63";"4";"4"
"55734";"32";"4";"4"
"55736";"1";"4";"4"
"55741";"32";"1";"1"
"55747";"31";"1";"1"
"55749";"32";"1";"1"
"55753";"24";"4";"4"
"55754";"157";"4";"4"
"55767";"217";"4";"4"
"55770";"65";"4";"4"
"55778";"31";"4";"4"
"55780";"31";"1";"1"
"55782";"31";"1";"1"
"55784";"93";"1";"1"
"55811";"31";"4";"4"
"55815";"12";"4";"4"
"55818";"62";"4";"4"
"55824";"31";"1";"1"
"55825";"31";"1";"1"
"55831";"54";"4";"4"
"55832";"31";"4";"4"
"55834";"31";"1";"1"
"55841";"31";"1";"4"
"55851";"501";"4";"4"
"55853";"29";"4";"4"
"55856";"31";"1";"1"
"55857";"31";"1";"1"
"55860";"324";"4";"4"
"55861";"83";"4";"4"
"55866";"31";"4";"4"
"55867";"56";"1";"1"
"55868";"31";"1";"1"
"55870";"24";"1";"1"
"55883";"31";"1";"1"
"55890";"31";"1";"1"
"55897";"33";"1";"1"
"55905";"31";"1";"1"
"55916";"55";"4";"4"
"55924";"31";"1";"1"
"55928";"28";"4";"4"
"55947";"30";"1";"1"
"55953";"31";"1";"1"
"55955";"384";"4";"4"
"55959";"31";"4";"4"
"55960";"18";"4";"4"
"55964";"31";"1";"1"
"55965";"395";"4";"4"
"55970";"31";"4";"4"
"55973";"31";"1";"1"
"55979";"31";"1";"1"
"55987";"31";"1";"1"
"55989";"198";"4";"4"
"55992";"31";"4";"4"
"55994";"31";"1";"1"
"55998";"30";"1";"1"
"56006";"31";"1";"1"
"56008";"31";"1";"1"
"56011";"1572";"4";"4"
"56018";"31";"4";"4"
"56020";"31";"1";"1"
"56027";"62";"1";"1"
"56035";"130";"4";"4"
"56044";"31";"4";"4"
"56045";"31";"1";"1"
"56046";"31";"1";"1"
"56049";"31";"1";"1"
"56050";"31";"1";"1"
"56052";"31";"1";"4"
"56061";"705";"4";"4"
"56062";"55";"4";"4"
"56068";"57";"4";"4"
"56072";"31";"1";"4"
"56084";"31";"1";"1"
"56085";"19";"4";"4"
"56086";"31";"1";"1"
"56096";"22";"4";"4"
"56099";"135";"4";"4"
"56102";"31";"4";"4"
"56110";"31";"1";"1"
"56114";"31";"1";"1"
"56116";"25";"4";"4"
"56124";"34";"4";"4"
"56127";"49";"4";"4"
"56142";"1104";"4";"4"
"56147";"30";"4";"4"
"56163";"30";"1";"4"
"56164";"30";"4";"4"
"56172";"30";"4";"4"
"56173";"30";"1";"1"
"56174";"30";"1";"1"
"56180";"30";"1";"1"
"56181";"18";"1";"1"
"56185";"30";"1";"1"
"56188";"30";"1";"1"
"56198";"7";"1";"1"
"56202";"30";"1";"1"
"56205";"60";"1";"1"
"56222";"30";"4";"4"
"56229";"30";"4";"4"
"56230";"30";"1";"1"
"56232";"19";"4";"4"
"56243";"74";"1";"1"
"56271";"30";"1";"1"
"56272";"25";"4";"4"
"56273";"122";"4";"4"
"56278";"30";"1";"4"
"56284";"30";"1";"1"
"56293";"27";"1";"1"
"56294";"90";"4";"4"
"56303";"30";"1";"1"
"56307";"41";"4";"4"
"56311";"30";"1";"1"
"56319";"1525";"4";"4"
"56321";"28";"1";"4"
"56323";"80";"4";"4"
"56324";"59";"1";"1"
"56327";"82";"4";"4"
"56328";"58";"4";"4"
"56331";"30";"1";"4"
"56333";"30";"1";"1"
"56339";"30";"4";"4"
"56344";"355";"4";"4"
"56346";"2";"4";"4"
"56351";"30";"1";"4"
"56360";"30";"1";"1"
"56364";"4";"4";"4"
"56369";"30";"1";"1"
"56372";"208";"4";"4"
"56373";"30";"1";"1"
"56376";"270";"4";"4"
"56378";"718";"4";"4"
"56380";"29";"1";"4"
"56381";"15";"1";"1"
"56382";"30";"4";"4"
"56385";"30";"1";"1"
"56390";"30";"4";"4"
"56403";"29";"4";"4"
"56408";"84";"4";"4"
"56410";"58";"1";"1"
"56416";"90";"1";"1"
"56418";"30";"1";"1"
"56440";"30";"4";"4"
"56441";"29";"1";"1"
"56453";"70";"1";"1"
"56457";"30";"1";"1"
"56464";"30";"4";"4"
"56475";"30";"4";"4"
"56490";"165";"4";"4"
"56500";"54";"1";"1"
"56502";"29";"1";"1"
"56535";"29";"1";"1"
"56540";"29";"1";"1"
"56541";"40";"4";"4"
"56547";"93";"4";"4"
"56576";"87";"1";"1"
"56579";"133";"4";"4"
"56585";"145";"4";"4"
"56587";"29";"1";"1"
"56589";"29";"1";"1"
"56590";"29";"4";"4"
"56594";"12";"1";"1"
"56606";"29";"1";"1"
"56608";"29";"4";"4"
"56614";"29";"1";"1"
"56622";"29";"1";"1"
"56625";"29";"1";"1"
"56628";"29";"1";"1"
"56632";"83";"4";"4"
"56636";"29";"1";"1"
"56644";"33";"4";"4"
"56645";"29";"1";"1"
"56646";"29";"1";"1"
"56648";"29";"1";"1"
"56666";"114";"4";"4"
"56673";"29";"1";"1"
"56674";"16";"1";"1"
"56680";"29";"1";"1"
"56689";"29";"1";"1"
"56692";"15";"1";"1"
"56699";"29";"1";"1"
"56710";"29";"4";"4"
"56713";"29";"4";"4"
"56720";"87";"4";"4"
"56722";"29";"1";"4"
"56724";"58";"1";"1"
"56728";"58";"4";"4"
"56732";"29";"1";"4"
"56741";"29";"4";"4"
"56743";"29";"4";"4"
"56754";"29";"1";"1"
"56770";"28";"1";"1"
"56771";"83";"4";"4"
"56777";"3125";"4";"4"
"56780";"29";"1";"1"
"56783";"24";"4";"4"
"56789";"29";"4";"4"
"56794";"24";"4";"4"
"56800";"53";"4";"4"
"56802";"471";"4";"4"
"56803";"81";"4";"4"
"56804";"29";"1";"4"
"56805";"29";"1";"4"
"56807";"29";"1";"1"
"56814";"29";"1";"1"
"56815";"3";"4";"4"
"56823";"85";"4";"4"
"56830";"60";"1";"1"
"56843";"37";"4";"4"
"56849";"50";"4";"4"
"56857";"57";"4";"4"
"56858";"29";"4";"4"
"56862";"58";"1";"1"
"56868";"52";"4";"4"
"56869";"161";"4";"4"
"56879";"29";"1";"1"
"56881";"29";"1";"1"
"56884";"6";"1";"4"
"56886";"29";"1";"1"
"56891";"29";"1";"4"
"56895";"28";"1";"1"
"56896";"29";"1";"1"
"56898";"118";"4";"4"
"56899";"29";"1";"1"
"56900";"29";"1";"1"
"56903";"198";"4";"4"
"56905";"29";"4";"4"
"56915";"381";"4";"4"
"56917";"188";"4";"4"
"56925";"52";"4";"4"
"56935";"29";"1";"1"
"56938";"57";"4";"4"
"56946";"83";"1";"1"
"56948";"52";"4";"4"
"56955";"55";"4";"4"
"56957";"29";"4";"4"
"56961";"29";"4";"4"
"56962";"28";"1";"1"
"56963";"29";"1";"1"
"56965";"29";"1";"1"
"56969";"29";"1";"4"
"56971";"28";"1";"1"
"56974";"57";"4";"4"
"56975";"57";"1";"1"
"56976";"25";"4";"4"
"56982";"29";"1";"1"
"56984";"29";"1";"1"
"56988";"28";"4";"4"
"56996";"81";"4";"4"
"56997";"56";"4";"4"
"57005";"53";"1";"1"
"57017";"24";"4";"4"
"57021";"28";"1";"1"
"57041";"28";"1";"1"
"57043";"52";"4";"4"
"57048";"25";"4";"4"
"57052";"286";"4";"4"
"57054";"80";"1";"1"
"57055";"28";"1";"1"
"57059";"28";"4";"4"
"57061";"28";"1";"1"
"57064";"45";"4";"4"
"57065";"28";"1";"1"
"57077";"56";"1";"1"
"57081";"23";"4";"4"
"57087";"28";"1";"1"
"57089";"27";"4";"4"
"57093";"28";"1";"1"
"57097";"28";"1";"1"
"57098";"28";"4";"4"
"57106";"28";"4";"4"
"57108";"28";"1";"1"
"57112";"191";"4";"4"
"57120";"28";"1";"1"
"57131";"28";"1";"1"
"57139";"28";"4";"4"
"57140";"56";"1";"1"
"57141";"28";"1";"1"
"57142";"28";"1";"1"
"57143";"28";"4";"4"
"57145";"28";"1";"1"
"57147";"68";"1";"1"
"57167";"78";"4";"4"
"57172";"56";"1";"4"
"57181";"56";"1";"1"
"57190";"28";"1";"1"
"57196";"28";"1";"1"
"57199";"28";"1";"1"
"57200";"29";"1";"1"
"57208";"28";"1";"1"
"57213";"27";"1";"4"
"57214";"28";"1";"1"
"57216";"28";"4";"4"
"57219";"28";"1";"1"
"57230";"28";"1";"1"
"57240";"181";"4";"4"
"57242";"40";"4";"4"
"57250";"56";"1";"1"
"57258";"56";"1";"1"
"57260";"27";"1";"1"
"57264";"56";"4";"4"
"57266";"28";"1";"1"
"57270";"132";"4";"4"
"57278";"279";"1";"1"
"57281";"66";"4";"4"
"57282";"54";"4";"4"
"57287";"152";"4";"4"
"57291";"51";"4";"4"
"57295";"28";"4";"4"
"57296";"28";"4";"4"
"57297";"32";"4";"4"
"57298";"28";"1";"1"
"57299";"53";"4";"4"
"57307";"28";"1";"1"
"57309";"18";"4";"4"
"57313";"28";"1";"1"
"57315";"109";"4";"4"
"57321";"25";"1";"4"
"57330";"28";"1";"1"
"57344";"108";"4";"4"
"57357";"66";"4";"4"
"57362";"356";"4";"4"
"57363";"19";"4";"4"
"57367";"237";"4";"4"
"57368";"28";"1";"1"
"57370";"55";"1";"1"
"57371";"65";"4";"4"
"57378";"53";"4";"4"
"57384";"82";"4";"4"
"57404";"200";"4";"4"
"57405";"27";"4";"4"
"57412";"16";"4";"4"
"57413";"26";"4";"4"
"57418";"87";"4";"4"
"57420";"78";"4";"4"
"57428";"27";"1";"1"
"57438";"53";"4";"4"
"57446";"882";"4";"4"
"57468";"311";"4";"4"
"57474";"154";"4";"4"
"57486";"27";"1";"1"
"57490";"27";"4";"4"
"57492";"235";"4";"4"
"57497";"15";"4";"4"
"57500";"27";"1";"1"
"57502";"2";"4";"4"
"57510";"72";"4";"4"
"57511";"27";"1";"1"
"57523";"108";"4";"4"
"57535";"265";"4";"4"
"57536";"27";"4";"4"
"57537";"27";"1";"1"
"57540";"27";"1";"1"
"57547";"26";"1";"1"
"57562";"54";"4";"4"
"57568";"53";"1";"1"
"57587";"27";"1";"1"
"57598";"27";"1";"1"
"57604";"27";"4";"4"
"57606";"117";"4";"4"
"57627";"27";"1";"1"
"57646";"1147";"4";"4"
"57648";"27";"4";"4"
"57650";"52";"4";"4"
"57656";"27";"4";"4"
"57657";"27";"4";"4"
"57659";"172";"4";"4"
"57665";"27";"1";"1"
"57679";"27";"4";"4"
"57682";"26";"1";"1"
"57684";"94";"4";"4"
"57692";"27";"1";"4"
"57697";"27";"4";"4"
"57701";"78";"4";"4"
"57710";"54";"1";"1"
"57711";"52";"4";"4"
"57713";"27";"1";"1"
"57714";"27";"1";"1"
"57720";"19";"4";"4"
"57722";"26";"1";"4"
"57724";"25";"1";"1"
"57728";"18";"4";"4"
"57729";"49";"4";"4"
"57738";"27";"4";"4"
"57740";"24";"1";"1"
"57743";"27";"4";"4"
"57748";"36";"1";"1"
"57753";"9";"1";"1"
"57754";"54";"1";"1"
"57757";"43";"4";"4"
"57764";"27";"1";"1"
"57767";"71";"4";"4"
"57804";"50";"1";"1"
"57808";"26";"1";"1"
"57819";"26";"1";"1"
"57822";"52";"1";"1"
"57835";"26";"1";"1"
"57836";"26";"1";"1"
"57839";"26";"1";"1"
"57848";"52";"1";"1"
"57852";"25";"4";"4"
"57863";"1";"1";"1"
"57869";"26";"1";"1"
"57870";"6";"1";"1"
"57872";"104";"4";"4"
"57875";"11";"4";"4"
"57883";"84";"4";"4"
"57884";"26";"4";"4"
"57900";"26";"1";"1"
"57901";"26";"1";"1"
"57905";"51";"1";"1"
"57908";"60";"4";"4"
"57909";"22";"4";"4"
"57913";"26";"1";"1"
"57919";"26";"1";"1"
"57927";"26";"4";"4"
"57929";"26";"1";"1"
"57935";"78";"1";"1"
"57940";"52";"4";"4"
"57947";"26";"1";"1"
"57949";"55";"4";"4"
"57952";"26";"1";"1"
"57961";"21";"1";"1"
"57970";"26";"4";"4"
"57985";"26";"1";"1"
"57987";"25";"4";"4"
"58000";"141";"4";"4"
"58004";"26";"1";"1"
"58005";"26";"1";"1"
"58008";"26";"1";"1"
"58014";"8";"1";"4"
"58019";"24";"4";"4"
"58022";"80";"4";"4"
"58024";"26";"4";"4"
"58026";"26";"1";"1"
"58027";"26";"1";"1"
"58031";"22";"1";"1"
"58035";"26";"1";"1"
"58038";"26";"1";"1"
"58042";"26";"1";"1"
"58046";"26";"1";"1"
"58051";"26";"1";"1"
"58057";"19";"4";"4"
"58060";"43";"4";"4"
"58061";"48";"4";"4"
"58064";"48";"1";"1"
"58068";"25";"1";"1"
"58073";"190";"4";"4"
"58076";"52";"1";"1"
"58078";"26";"4";"4"
"58079";"26";"1";"1"
"58084";"26";"4";"4"
"58086";"26";"1";"1"
"58091";"26";"1";"1"
"58093";"50";"4";"4"
"58097";"104";"4";"4"
"58098";"26";"4";"4"
"58102";"26";"1";"1"
"58106";"26";"1";"4"
"58109";"24";"4";"4"
"58110";"383";"4";"4"
"58112";"26";"1";"1"
"58115";"206";"4";"4"
"58117";"26";"1";"1"
"58120";"98";"4";"4"
"58122";"25";"4";"4"
"58123";"134";"1";"1"
"58124";"26";"1";"1"
"58126";"308";"4";"4"
"58129";"78";"4";"4"
"58130";"71";"1";"4"
"58136";"111";"4";"4"
"58138";"207";"4";"4"
"58146";"26";"1";"1"
"58150";"52";"4";"4"
"58151";"26";"1";"1"
"58153";"26";"1";"1"
"58155";"54";"4";"4"
"58161";"26";"4";"4"
"58163";"26";"4";"4"
"58164";"45";"4";"4"
"58166";"26";"1";"1"
"58176";"25";"1";"1"
"58198";"76";"4";"4"
"58208";"25";"1";"1"
"58209";"86";"1";"1"
"58214";"26";"1";"1"
"58225";"26";"1";"1"
"58244";"26";"1";"1"
"58258";"25";"1";"1"
"58259";"50";"4";"4"
"58260";"50";"1";"1"
"58262";"20";"4";"4"
"58267";"25";"4";"4"
"58278";"25";"1";"1"
"58279";"25";"1";"4"
"58291";"50";"1";"1"
"58294";"25";"1";"1"
"58301";"83";"4";"4"
"58304";"25";"4";"4"
"58305";"13";"1";"1"
"58311";"25";"1";"1"
"58316";"25";"1";"1"
"58317";"47";"1";"1"
"58320";"50";"1";"1"
"58322";"78";"4";"4"
"58323";"25";"1";"1"
"58347";"25";"1";"1"
"58349";"50";"1";"1"
"58358";"25";"1";"1"
"58362";"25";"1";"1"
"58373";"57";"4";"4"
"58377";"12";"1";"1"
"58382";"45";"4";"4"
"58396";"25";"1";"1"
"58399";"25";"1";"1"
"58411";"25";"4";"4"
"58443";"50";"1";"1"
"58446";"91";"4";"4"
"58451";"23";"1";"1"
"58455";"25";"1";"1"
"58456";"37";"4";"4"
"58472";"25";"4";"4"
"58486";"25";"1";"1"
"58488";"65";"4";"4"
"58494";"45";"4";"4"
"58497";"24";"1";"1"
"58500";"557";"4";"4"
"58504";"25";"1";"1"
"58507";"25";"1";"1"
"58508";"187";"4";"4"
"58514";"75";"1";"1"
"58515";"50";"1";"1"
"58520";"22";"1";"1"
"58521";"20";"4";"4"
"58526";"98";"4";"4"
"58530";"25";"4";"4"
"58533";"50";"1";"1"
"58544";"25";"4";"4"
"58547";"25";"1";"1"
"58549";"1765";"4";"4"
"58551";"337";"4";"4"
"58552";"24";"4";"4"
"58553";"50";"1";"1"
"58561";"25";"1";"1"
"58562";"25";"1";"1"
"58564";"25";"1";"1"
"58568";"25";"1";"1"
"58570";"11";"4";"4"
"58580";"327";"4";"4"
"58587";"25";"1";"1"
"58592";"43";"4";"4"
"58593";"25";"1";"1"
"58596";"2";"4";"4"
"58597";"5";"4";"4"
"58603";"15";"1";"1"
"58610";"25";"1";"1"
"58617";"25";"1";"1"
"58618";"75";"4";"4"
"58622";"19";"1";"1"
"58626";"62";"4";"4"
"58627";"115";"4";"4"
"58645";"25";"4";"4"
"58649";"25";"1";"1"
"58658";"50";"1";"1"
"58661";"50";"4";"4"
"58670";"137";"4";"4"
"58671";"25";"1";"1"
"58681";"39";"4";"4"
"58689";"25";"1";"1"
"58695";"33";"4";"4"
"58698";"60";"1";"1"
"58708";"25";"1";"1"
"58725";"49";"4";"4"
"58729";"73";"4";"4"
"58730";"13";"1";"4"
"58732";"29";"4";"4"
"58747";"50";"1";"1"
"58748";"49";"4";"4"
"58757";"48";"1";"1"
"58760";"25";"1";"1"
"58763";"25";"1";"1"
"58773";"46";"4";"4"
"58775";"19";"1";"1"
"58780";"119";"4";"4"
"58782";"63";"1";"4"
"58793";"24";"4";"4"
"58798";"24";"1";"1"
"58809";"24";"1";"1"
"58812";"18";"1";"1"
"58818";"24";"1";"1"
"58822";"24";"1";"1"
"58823";"24";"1";"1"
"58831";"46";"1";"1"
"58834";"24";"4";"4"
"58842";"24";"1";"1"
"58848";"54";"4";"4"
"58851";"42";"4";"4"
"58852";"24";"4";"4"
"58859";"24";"1";"1"
"58860";"97";"4";"4"
"58863";"24";"1";"1"
"58864";"59";"4";"4"
"58878";"14";"4";"4"
"58895";"63";"4";"4"
"58903";"276";"4";"4"
"58905";"72";"1";"1"
"58917";"39";"4";"4"
"58924";"24";"1";"1"
"58932";"132";"4";"4"
"58935";"23";"1";"1"
"58948";"33";"4";"4"
"58954";"22";"1";"1"
"58967";"16";"4";"4"
"58968";"24";"1";"1"
"58970";"37";"4";"4"
"58986";"24";"4";"4"
"58988";"24";"1";"1"
"58989";"48";"4";"4"
"58996";"48";"1";"1"
"58999";"24";"1";"1"
"59017";"24";"4";"4"
"59020";"24";"1";"1"
"59022";"15";"4";"4"
"59023";"29";"4";"4"
"59032";"37";"4";"4"
"59034";"469";"4";"4"
"59035";"21";"4";"4"
"59037";"24";"1";"1"
"59040";"24";"4";"4"
"59051";"24";"1";"1"
"59056";"24";"4";"4"
"59074";"46";"4";"4"
"59076";"24";"1";"1"
"59098";"12";"1";"1"
"59099";"80";"1";"1"
"59101";"48";"1";"1"
"59105";"24";"1";"1"
"59123";"48";"1";"1"
"59125";"48";"4";"4"
"59131";"13";"4";"4"
"59139";"24";"1";"1"
"59145";"17";"4";"4"
"59164";"175";"4";"4"
"59168";"23";"1";"1"
"59188";"46";"4";"4"
"59189";"35";"4";"4"
"59197";"454";"4";"4"
"59215";"23";"1";"1"
"59217";"23";"1";"1"
"59220";"92";"4";"4"
"59222";"66";"4";"4"
"59226";"63";"4";"4"
"59230";"526";"4";"4"
"59242";"149";"4";"4"
"59243";"69";"1";"1"
"59244";"181";"4";"4"
"59250";"16";"1";"1"
"59258";"23";"1";"1"
"59286";"142";"4";"4"
"59291";"40";"4";"4"
"59297";"23";"1";"1"
"59303";"46";"1";"1"
"59312";"22";"4";"4"
"59323";"34";"1";"1"
"59328";"8";"4";"4"
"59345";"22";"4";"4"
"59373";"23";"1";"1"
"59376";"29";"4";"4"
"59377";"160";"4";"4"
"59384";"37";"4";"4"
"59385";"23";"1";"1"
"59387";"4";"4";"4"
"59393";"23";"1";"4"
"59398";"10";"4";"4"
"59407";"17";"4";"4"
"59411";"23";"1";"1"
"59415";"46";"1";"1"
"59420";"9";"4";"4"
"59425";"18";"4";"4"
"59428";"42";"1";"1"
"59432";"14";"1";"1"
"59440";"23";"1";"1"
"59441";"38";"4";"4"
"59443";"257";"4";"4"
"59447";"18";"1";"1"
"59455";"124";"4";"4"
"59456";"44";"4";"4"
"59460";"46";"4";"4"
"59471";"467";"4";"4"
"59478";"19";"1";"1"
"59493";"102";"4";"4"
"59504";"720";"4";"4"
"59515";"45";"1";"1"
"59522";"54";"4";"4"
"59523";"23";"4";"4"
"59533";"22";"1";"1"
"59539";"23";"1";"1"
"59540";"59";"1";"1"
"59558";"19";"1";"1"
"59570";"113";"4";"4"
"59580";"23";"1";"1"
"59586";"13";"1";"1"
"59600";"23";"1";"1"
"59602";"11";"4";"4"
"59606";"23";"1";"1"
"59609";"64";"1";"1"
"59614";"21";"1";"1"
"59616";"23";"1";"1"
"59624";"26";"4";"4"
"59628";"23";"1";"1"
"59630";"86";"4";"4"
"59647";"22";"4";"4"
"59649";"22";"1";"1"
"59652";"22";"1";"1"
"59655";"20";"4";"4"
"59657";"22";"1";"1"
"59660";"22";"1";"1"
"59663";"17";"1";"1"
"59667";"22";"1";"1"
"59671";"102";"1";"1"
"59678";"22";"1";"1"
"59682";"22";"4";"4"
"59692";"22";"4";"4"
"59693";"10";"4";"4"
"59703";"21";"1";"1"
"59707";"22";"4";"4"
"59710";"22";"1";"1"
"59716";"104";"4";"4"
"59717";"110";"4";"4"
"59727";"39";"1";"1"
"59731";"22";"4";"4"
"59737";"22";"1";"1"
"59738";"4";"4";"4"
"59748";"22";"1";"1"
"59759";"22";"1";"1"
"59784";"1482";"4";"4"
"59786";"22";"1";"1"
"59792";"70";"4";"4"
"59802";"22";"1";"1"
"59804";"22";"1";"1"
"59808";"37";"1";"1"
"59810";"22";"4";"4"
"59811";"22";"4";"4"
"59820";"22";"1";"4"
"59822";"41";"1";"1"
"59823";"22";"1";"1"
"59824";"106";"4";"4"
"59830";"22";"4";"4"
"59856";"43";"4";"4"
"59859";"44";"1";"1"
"59861";"22";"4";"4"
"59872";"43";"1";"1"
"59877";"88";"4";"4"
"59880";"47";"4";"4"
"59882";"112";"4";"4"
"59883";"22";"1";"1"
"59890";"18";"4";"4"
"59891";"7";"4";"4"
"59901";"22";"1";"1"
"59902";"63";"1";"1"
"59909";"22";"1";"1"
"59912";"31";"1";"1"
"59914";"33";"4";"4"
"59915";"22";"4";"4"
"59917";"21";"1";"1"
"59919";"51";"4";"4"
"59924";"22";"1";"1"
"59925";"17";"1";"1"
"59930";"8";"1";"1"
"59935";"22";"1";"1"
"59936";"22";"4";"4"
"59937";"22";"1";"1"
"59965";"107";"4";"4"
"59975";"43";"1";"1"
"59978";"22";"1";"1"
"59983";"22";"1";"1"
"59986";"22";"4";"4"
"59989";"22";"1";"1"
"59991";"22";"1";"1"
"60023";"22";"1";"1"
"60026";"16";"1";"1"
"60027";"20";"4";"4"
"60035";"13";"4";"4"
"60038";"22";"1";"4"
"60046";"22";"1";"1"
"60055";"6";"4";"4"
"60056";"22";"1";"1"
"60064";"85";"4";"4"
"60067";"57";"4";"4"
"60071";"22";"1";"1"
"60082";"40";"1";"1"
"60086";"22";"1";"1"
"60090";"21";"4";"4"
"60097";"21";"1";"1"
"60104";"86";"4";"4"
"60117";"22";"1";"1"
"60124";"44";"1";"1"
"60131";"21";"1";"1"
"60142";"22";"4";"4"
"60155";"140";"4";"4"
"60161";"21";"1";"1"
"60180";"21";"1";"1"
"60193";"21";"4";"4"
"60204";"40";"1";"1"
"60221";"21";"1";"4"
"60227";"19";"4";"4"
"60233";"14";"1";"1"
"60236";"17";"4";"4"
"60238";"49";"1";"1"
"60246";"36";"4";"4"
"60258";"21";"1";"1"
"60259";"42";"1";"1"
"60262";"21";"1";"1"
"60265";"20";"1";"1"
"60269";"21";"1";"4"
"60271";"20";"1";"1"
"60274";"13";"1";"1"
"60278";"20";"4";"4"
"60285";"28";"1";"1"
"60290";"21";"4";"4"
"60308";"21";"1";"1"
"60309";"21";"1";"1"
"60313";"93";"1";"1"
"60325";"21";"4";"4"
"60328";"34";"4";"4"
"60341";"21";"1";"4"
"60344";"21";"4";"4"
"60347";"20";"1";"1"
"60350";"5";"4";"4"
"60355";"42";"1";"1"
"60357";"21";"1";"1"
"60358";"21";"1";"1"
"60359";"501";"4";"4"
"60361";"21";"1";"1"
"60364";"21";"1";"1"
"60366";"21";"1";"1"
"60370";"21";"1";"1"
"60376";"27";"1";"1"
"60383";"19";"1";"1"
"60387";"21";"1";"1"
"60389";"49";"4";"4"
"60405";"21";"1";"1"
"60410";"48";"4";"4"
"60416";"42";"1";"1"
"60423";"21";"1";"1"
"60432";"21";"1";"1"
"60438";"84";"4";"4"
"60442";"34";"4";"4"
"60445";"21";"4";"4"
"60447";"16";"1";"1"
"60451";"21";"1";"1"
"60453";"63";"4";"4"
"60457";"40";"1";"1"
"60462";"21";"1";"1"
"60477";"40";"1";"1"
"60483";"25";"1";"1"
"60488";"21";"1";"1"
"60505";"18";"1";"1"
"60516";"21";"1";"1"
"60528";"20";"1";"1"
"60530";"7";"1";"1"
"60536";"6";"4";"4"
"60537";"21";"1";"1"
"60544";"21";"1";"1"
"60546";"21";"1";"1"
"60555";"21";"1";"1"
"60556";"78";"1";"1"
"60557";"21";"1";"4"
"60560";"34";"4";"4"
"60574";"21";"1";"4"
"60578";"21";"1";"4"
"60581";"21";"1";"1"
"60583";"21";"1";"1"
"60589";"16";"1";"1"
"60596";"21";"1";"1"
"60598";"20";"1";"1"
"60606";"18";"1";"4"
"60609";"21";"1";"1"
"60610";"21";"1";"1"
"60617";"21";"1";"1"
"60618";"21";"1";"1"
"60619";"16";"1";"1"
"60623";"30";"1";"4"
"60625";"21";"4";"4"
"60629";"21";"1";"1"
"60634";"18";"4";"4"
"60635";"21";"1";"1"
"60644";"15";"4";"4"
"60645";"35";"4";"4"
"60647";"14";"4";"4"
"60657";"40";"1";"1"
"60660";"20";"4";"4"
"60677";"21";"1";"1"
"60683";"138";"4";"4"
"60686";"21";"1";"1"
"60698";"8";"1";"1"
"60699";"21";"1";"1"
"60700";"11";"1";"1"
"60701";"15";"4";"4"
"60702";"21";"4";"4"
"60704";"49";"1";"1"
"60707";"21";"1";"4"
"60722";"18";"4";"4"
"60731";"21";"1";"1"
"60751";"19";"1";"1"
"60752";"91";"4";"4"
"60755";"20";"1";"1"
"60757";"20";"1";"1"
"60759";"20";"4";"4"
"60771";"20";"1";"1"
"60774";"20";"1";"1"
"60776";"20";"1";"1"
"60777";"20";"4";"4"
"60783";"39";"1";"1"
"60786";"38";"1";"1"
"60798";"20";"1";"1"
"60802";"72";"4";"4"
"60816";"18";"4";"4"
"60819";"20";"1";"1"
"60826";"1989";"4";"4"
"60827";"30";"4";"4"
"60829";"20";"1";"1"
"60832";"20";"1";"1"
"60865";"20";"1";"1"
"60868";"20";"1";"1"
"60869";"40";"4";"4"
"60873";"20";"1";"1"
"60881";"40";"1";"1"
"60888";"20";"1";"1"
"60890";"111";"4";"4"
"60892";"20";"1";"1"
"60898";"103";"4";"4"
"60902";"20";"1";"1"
"60904";"20";"4";"4"
"60905";"35";"4";"4"
"60919";"9";"1";"1"
"60946";"17";"1";"1"
"60947";"20";"1";"4"
"60958";"20";"1";"4"
"60960";"42";"1";"1"
"60964";"18";"1";"1"
"60995";"20";"1";"1"
"61007";"4";"1";"1"
"61011";"20";"1";"1"
"61023";"5";"1";"1"
"61034";"40";"4";"4"
"61035";"19";"1";"1"
"61036";"24";"4";"4"
"61039";"77";"1";"4"
"61040";"40";"1";"1"
"61048";"14";"4";"4"
"61054";"34";"1";"1"
"61078";"20";"1";"1"
"61088";"20";"1";"1"
"61095";"20";"1";"4"
"61102";"18";"4";"4"
"61113";"20";"1";"4"
"61126";"20";"4";"4"
"61132";"20";"1";"1"
"61142";"40";"4";"4"
"61148";"106";"4";"4"
"61153";"20";"4";"4"
"61156";"20";"1";"4"
"61158";"20";"1";"1"
"61168";"20";"1";"1"
"61177";"1";"1";"1"
"61201";"127";"4";"4"
"61202";"20";"1";"1"
"61209";"20";"1";"1"
"61212";"96";"4";"4"
"61216";"33";"1";"1"
"61220";"20";"1";"1"
"61226";"20";"1";"1"
"61229";"20";"4";"4"
"61235";"14";"4";"4"
"61238";"79";"4";"4"
"61250";"20";"4";"4"
"61251";"20";"4";"4"
"61258";"56";"1";"1"
"61266";"20";"1";"1"
"61272";"11";"4";"4"
"61293";"20";"1";"1"
"61297";"39";"1";"1"
"61298";"10";"1";"1"
"61300";"20";"1";"1"
"61301";"13";"4";"4"
"61303";"19";"1";"1"
"61307";"20";"1";"1"
"61309";"18";"1";"1"
"61315";"20";"4";"4"
"61336";"10";"1";"1"
"61339";"102";"4";"4"
"61348";"15";"1";"1"
"61357";"20";"1";"1"
"61365";"20";"1";"1"
"61372";"14";"1";"1"
"61375";"69";"4";"4"
"61386";"14";"4";"4"
"61388";"42";"4";"4"
"61395";"19";"1";"1"
"61400";"19";"1";"1"
"61407";"19";"1";"4"
"61410";"19";"4";"4"
"61413";"19";"1";"1"
"61417";"64";"1";"1"
"61447";"6";"4";"4"
"61465";"2";"1";"1"
"61466";"19";"1";"1"
"61472";"11";"1";"1"
"61473";"18";"1";"1"
"61474";"19";"1";"4"
"61476";"6";"4";"4"
"61488";"19";"4";"4"
"61489";"76";"1";"1"
"61490";"16";"1";"1"
"61505";"19";"4";"4"
"61516";"57";"4";"4"
"61527";"180";"4";"4"
"61538";"19";"4";"4"
"61543";"83";"4";"4"
"61547";"38";"1";"1"
"61556";"19";"1";"1"
"61566";"19";"1";"1"
"61573";"19";"1";"1"
"61574";"16";"1";"4"
"61581";"19";"1";"1"
"61585";"19";"1";"1"
"61587";"38";"4";"4"
"61594";"18";"1";"1"
"61605";"19";"4";"4"
"61612";"19";"1";"1"
"61617";"19";"1";"1"
"61625";"296";"4";"4"
"61628";"83";"4";"4"
"61630";"19";"1";"1"
"61632";"19";"1";"1"
"61633";"19";"1";"1"
"61636";"19";"1";"1"
"61648";"19";"1";"1"
"61657";"19";"1";"1"
"61660";"14";"1";"1"
"61668";"35";"4";"4"
"61671";"38";"1";"1"
"61679";"24";"1";"1"
"61682";"129";"4";"4"
"61684";"1";"1";"4"
"61685";"873";"4";"4"
"61688";"36";"1";"1"
"61689";"22";"1";"1"
"61695";"56";"4";"4"
"61698";"19";"4";"4"
"61703";"57";"1";"1"
"61709";"19";"1";"1"
"61712";"19";"1";"1"
"61716";"19";"1";"1"
"61718";"19";"1";"1"
"61719";"19";"1";"1"
"61722";"19";"1";"1"
"61727";"19";"1";"1"
"61731";"38";"1";"1"
"61732";"19";"1";"1"
"61733";"22";"4";"4"
"61742";"19";"1";"1"
"61746";"17";"1";"1"
"61755";"90";"4";"4"
"61763";"10";"1";"1"
"61786";"122";"1";"4"
"61791";"19";"1";"1"
"61794";"19";"1";"1"
"61802";"19";"1";"1"
"61803";"114";"4";"4"
"61820";"8";"4";"4"
"61826";"3";"1";"1"
"61829";"19";"1";"1"
"61831";"75";"4";"4"
"61837";"19";"1";"1"
"61839";"19";"1";"1"
"61845";"18";"1";"1"
"61856";"19";"1";"1"
"61858";"40";"4";"4"
"61859";"38";"4";"4"
"61866";"18";"1";"1"
"61870";"19";"1";"1"
"61876";"36";"4";"4"
"61881";"73";"4";"4"
"61884";"18";"1";"1"
"61910";"54";"4";"4"
"61914";"36";"1";"1"
"61929";"18";"1";"1"
"61930";"223";"4";"4"
"61938";"15";"4";"4"
"61943";"18";"1";"1"
"61956";"18";"1";"1"
"61957";"18";"4";"4"
"61970";"83";"4";"4"
"61989";"18";"1";"1"
"61990";"49";"4";"4"
"61993";"18";"1";"1"
"61998";"15";"1";"1"
"62002";"18";"1";"1"
"62016";"42";"4";"4"
"62023";"54";"4";"4"
"62028";"18";"4";"4"
"62036";"70";"4";"4"
"62037";"32";"1";"4"
"62038";"18";"1";"1"
"62043";"18";"1";"1"
"62046";"18";"1";"1"
"62054";"36";"4";"4"
"62058";"78";"1";"1"
"62061";"18";"1";"4"
"62063";"28";"4";"4"
"62068";"18";"1";"1"
"62076";"18";"1";"4"
"62083";"33";"1";"1"
"62088";"179";"4";"4"
"62099";"18";"1";"1"
"62105";"18";"4";"4"
"62115";"54";"4";"4"
"62119";"18";"4";"4"
"62121";"18";"1";"1"
"62129";"32";"4";"4"
"62133";"36";"1";"1"
"62136";"18";"1";"1"
"62137";"8";"4";"4"
"62153";"18";"1";"1"
"62157";"18";"1";"1"
"62169";"34";"1";"4"
"62171";"18";"1";"1"
"62182";"7";"1";"1"
"62183";"14";"1";"1"
"62190";"36";"1";"1"
"62192";"18";"4";"4"
"62207";"36";"4";"4"
"62215";"18";"4";"4"
"62221";"38";"4";"4"
"62226";"18";"1";"1"
"62234";"18";"1";"1"
"62249";"18";"4";"4"
"62264";"18";"1";"1"
"62265";"18";"1";"1"
"62267";"18";"1";"1"
"62270";"18";"1";"1"
"62273";"18";"1";"1"
"62286";"18";"1";"1"
"62295";"14";"1";"1"
"62305";"63";"4";"4"
"62315";"18";"4";"4"
"62322";"36";"1";"1"
"62325";"18";"4";"4"
"62331";"18";"1";"1"
"62334";"18";"1";"1"
"62367";"18";"1";"1"
"62373";"5";"1";"1"
"62385";"34";"1";"1"
"62387";"17";"1";"1"
"62391";"18";"1";"4"
"62396";"14";"4";"4"
"62401";"49";"4";"4"
"62405";"35";"4";"4"
"62411";"17";"4";"4"
"62417";"16";"1";"1"
"62433";"17";"1";"4"
"62441";"17";"1";"1"
"62446";"17";"1";"1"
"62454";"17";"4";"4"
"62461";"5";"1";"1"
"62464";"15";"1";"1"
"62477";"200";"4";"4"
"62479";"17";"1";"1"
"62480";"18";"1";"1"
"62482";"17";"1";"1"
"62488";"62";"4";"4"
"62496";"17";"1";"1"
"62515";"51";"1";"1"
"62523";"17";"1";"4"
"62538";"17";"1";"1"
"62539";"17";"1";"1"
"62554";"34";"1";"1"
"62577";"567";"4";"4"
"62592";"4";"4";"4"
"62610";"17";"1";"1"
"62612";"33";"1";"1"
"62627";"15";"1";"1"
"62634";"17";"1";"1"
"62654";"30";"1";"1"
"62665";"135";"4";"4"
"62667";"17";"1";"1"
"62684";"17";"4";"4"
"62690";"16";"1";"1"
"62706";"15";"1";"1"
"62716";"17";"4";"4"
"62718";"17";"4";"4"
"62724";"17";"1";"1"
"62743";"17";"4";"4"
"62744";"13";"4";"4"
"62753";"16";"1";"1"
"62754";"17";"1";"1"
"62769";"17";"1";"1"
"62774";"24";"4";"4"
"62789";"110";"4";"4"
"62793";"33";"1";"1"
"62804";"49";"1";"1"
"62813";"7";"1";"1"
"62816";"17";"4";"4"
"62822";"34";"1";"1"
"62824";"32";"4";"4"
"62840";"20";"1";"1"
"62843";"17";"1";"1"
"62844";"15";"4";"4"
"62847";"48";"4";"4"
"62856";"17";"1";"1"
"62859";"17";"1";"1"
"62860";"17";"1";"1"
"62875";"135";"4";"4"
"62882";"14";"4";"4"
"62885";"15";"1";"1"
"62887";"17";"4";"4"
"62925";"44";"1";"1"
"62928";"17";"1";"1"
"62945";"17";"1";"1"
"62951";"62";"1";"1"
"62955";"17";"1";"4"
"62983";"16";"1";"1"
"62984";"17";"1";"1"
"62985";"17";"1";"1"
"62987";"17";"1";"1"
"62988";"47";"4";"4"
"63000";"63";"4";"4"
"63001";"17";"1";"1"
"63007";"17";"1";"1"
"63013";"17";"1";"1"
"63032";"17";"1";"1"
"63048";"32";"1";"1"
"63054";"33";"1";"1"
"63062";"30";"4";"4"
"63065";"16";"1";"1"
"63071";"35";"1";"1"
"63081";"16";"1";"1"
"63103";"16";"1";"1"
"63107";"16";"1";"1"
"63110";"16";"1";"1"
"63112";"16";"1";"1"
"63128";"16";"4";"4"
"63129";"16";"1";"1"
"63130";"16";"4";"4"
"63132";"3";"1";"1"
"63134";"16";"1";"4"
"63135";"13";"4";"4"
"63140";"32";"1";"4"
"63142";"16";"1";"1"
"63151";"16";"1";"1"
"63165";"42";"1";"4"
"63203";"14";"1";"1"
"63207";"14";"4";"4"
"63210";"16";"1";"1"
"63214";"2";"4";"4"
"63220";"16";"1";"1"
"63221";"16";"1";"1"
"63222";"32";"1";"1"
"63225";"79";"4";"4"
"63227";"16";"1";"1"
"63233";"57";"4";"4"
"63235";"14";"1";"1"
"63259";"8";"1";"1"
"63260";"123";"4";"4"
"63262";"22";"4";"4"
"63264";"11";"4";"4"
"63265";"38";"4";"4"
"63271";"48";"4";"4"
"63273";"15";"4";"4"
"63275";"16";"4";"4"
"63279";"16";"1";"1"
"63280";"42";"4";"4"
"63282";"9";"4";"4"
"63287";"16";"1";"1"
"63288";"48";"1";"1"
"63299";"15";"1";"1"
"63315";"16";"1";"1"
"63317";"16";"1";"1"
"63323";"16";"1";"1"
"63349";"15";"1";"1"
"63379";"32";"1";"1"
"63380";"39";"4";"4"
"63383";"16";"1";"1"
"63390";"16";"1";"1"
"63392";"12";"1";"1"
"63396";"28";"4";"4"
"63397";"5";"1";"1"
"63401";"6";"1";"1"
"63423";"16";"1";"4"
"63431";"32";"1";"1"
"63436";"16";"1";"1"
"63441";"153";"4";"4"
"63443";"54";"4";"4"
"63448";"36";"4";"4"
"63451";"47";"4";"4"
"63453";"16";"4";"4"
"63458";"33";"4";"4"
"63459";"16";"1";"1"
"63466";"16";"1";"1"
"63470";"93";"4";"4"
"63471";"25";"1";"1"
"63477";"16";"1";"4"
"63488";"6";"4";"4"
"63501";"28";"1";"1"
"63506";"32";"4";"4"
"63507";"30";"4";"4"
"63508";"16";"1";"1"
"63512";"21";"4";"4"
"63514";"16";"1";"1"
"63533";"2";"1";"1"
"63535";"16";"1";"1"
"63536";"16";"1";"1"
"63547";"16";"1";"1"
"63552";"30";"1";"1"
"63571";"200";"4";"4"
"63581";"13";"1";"1"
"63590";"14";"1";"1"
"63603";"16";"1";"1"
"63606";"26";"1";"1"
"63608";"82";"4";"4"
"63612";"107";"4";"4"
"63632";"16";"1";"1"
"63635";"16";"1";"1"
"63638";"16";"1";"1"
"63652";"13";"1";"1"
"63661";"15";"1";"1"
"63667";"15";"1";"1"
"63681";"15";"1";"1"
"63687";"15";"4";"4"
"63710";"15";"1";"1"
"63733";"15";"1";"1"
"63758";"15";"1";"1"
"63760";"60";"4";"4"
"63763";"15";"1";"1"
"63764";"89";"4";"4"
"63765";"15";"1";"1"
"63767";"15";"1";"1"
"63784";"15";"1";"1"
"63787";"30";"4";"4"
"63796";"14";"4";"4"
"63798";"15";"1";"1"
"63800";"15";"4";"4"
"63802";"34";"4";"4"
"63808";"5";"1";"1"
"63811";"11";"4";"4"
"63824";"127";"4";"4"
"63852";"35";"1";"1"
"63854";"30";"1";"1"
"63861";"17";"1";"1"
"63863";"15";"4";"4"
"63864";"15";"1";"4"
"63870";"6";"1";"1"
"63871";"15";"1";"1"
"63873";"15";"1";"1"
"63893";"5";"1";"1"
"63928";"62";"4";"4"
"63945";"27";"1";"4"
"63947";"15";"1";"1"
"63949";"15";"1";"1"
"63964";"15";"4";"4"
"63973";"15";"1";"1"
"63977";"30";"1";"1"
"63984";"15";"4";"4"
"63987";"15";"1";"1"
"64007";"65";"4";"4"
"64022";"11";"1";"1"
"64040";"30";"1";"1"
"64041";"28";"4";"4"
"64056";"15";"4";"4"
"64057";"17";"1";"1"
"64069";"15";"1";"1"
"64071";"15";"1";"1"
"64082";"15";"1";"1"
"64085";"15";"4";"4"
"64104";"15";"1";"1"
"64116";"6";"4";"4"
"64125";"15";"1";"1"
"64141";"15";"1";"1"
"64161";"13";"1";"1"
"64169";"14";"1";"1"
"64175";"42";"1";"1"
"64176";"14";"1";"1"
"64177";"40";"4";"4"
"64190";"34";"1";"1"
"64192";"15";"1";"1"
"64203";"6";"1";"1"
"64208";"1";"1";"1"
"64219";"4";"1";"1"
"64225";"22";"1";"1"
"64235";"14";"4";"4"
"64237";"14";"4";"4"
"64242";"35";"1";"1"
"64244";"14";"4";"4"
"64252";"28";"1";"1"
"64254";"14";"1";"4"
"64263";"14";"1";"1"
"64265";"14";"1";"1"
"64284";"28";"1";"1"
"64289";"14";"1";"1"
"64300";"14";"1";"1"
"64301";"22";"1";"1"
"64302";"14";"1";"1"
"64326";"10";"4";"4"
"64378";"41";"1";"4"
"64379";"14";"1";"1"
"64380";"14";"4";"4"
"64382";"14";"1";"1"
"64385";"14";"1";"1"
"64389";"36";"4";"4"
"64395";"14";"1";"1"
"64412";"30";"4";"4"
"64420";"14";"1";"1"
"64424";"5";"1";"1"
"64431";"14";"1";"1"
"64442";"14";"1";"4"
"64451";"14";"4";"4"
"64494";"48";"4";"4"
"64513";"14";"4";"4"
"64522";"14";"1";"1"
"64527";"14";"1";"1"
"64534";"14";"1";"1"
"64538";"18";"1";"1"
"64550";"22";"1";"1"
"64552";"14";"1";"1"
"64566";"9";"1";"1"
"64575";"12";"1";"1"
"64579";"14";"1";"1"
"64588";"130";"1";"1"
"64603";"14";"1";"1"
"64615";"28";"4";"4"
"64622";"14";"1";"1"
"64625";"43";"4";"4"
"64658";"14";"1";"1"
"64659";"5";"1";"1"
"64664";"27";"1";"4"
"64666";"3";"1";"1"
"64673";"4";"4";"4"
"64677";"14";"1";"1"
"64695";"188";"4";"4"
"64699";"5";"1";"1"
"64707";"28";"1";"1"
"64713";"14";"4";"4"
"64715";"14";"1";"1"
"64748";"26";"1";"1"
"64750";"11";"1";"1"
"64756";"28";"4";"4"
"64757";"34";"1";"1"
"64758";"40";"1";"4"
"64770";"13";"1";"1"
"64778";"27";"1";"1"
"64810";"14";"1";"1"
"64812";"9";"1";"1"
"64824";"53";"4";"4"
"64860";"52";"4";"4"
"64869";"18";"4";"4"
"64877";"12";"1";"1"
"64893";"13";"1";"1"
"64897";"9";"1";"1"
"64912";"50";"4";"4"
"64916";"14";"1";"1"
"64918";"209";"4";"4"
"64940";"13";"1";"1"
"64946";"13";"1";"1"
"64958";"13";"1";"1"
"64985";"13";"1";"1"
"64986";"58";"4";"4"
"64988";"13";"1";"1"
"64999";"13";"1";"1"
"65002";"13";"1";"1"
"65009";"13";"1";"1"
"65011";"13";"1";"1"
"65013";"13";"1";"1"
"65022";"13";"1";"1"
"65023";"20";"4";"4"
"65028";"26";"1";"1"
"65029";"39";"1";"1"
"65034";"13";"1";"1"
"65035";"52";"1";"1"
"65036";"13";"1";"1"
"65037";"13";"1";"1"
"65042";"52";"4";"4"
"65046";"13";"1";"1"
"65055";"13";"1";"1"
"65057";"13";"1";"1"
"65064";"26";"4";"4"
"65072";"26";"4";"4"
"65079";"13";"4";"4"
"65088";"666";"4";"4"
"65093";"13";"1";"1"
"65098";"13";"1";"1"
"65100";"26";"4";"4"
"65106";"13";"1";"1"
"65112";"32";"4";"4"
"65113";"4";"1";"1"
"65119";"35";"1";"1"
"65126";"39";"4";"4"
"65130";"13";"1";"1"
"65155";"12";"1";"1"
"65165";"3";"1";"4"
"65173";"13";"1";"1"
"65190";"13";"1";"1"
"65197";"22";"4";"4"
"65202";"1";"4";"4"
"65221";"49";"4";"4"
"65223";"12";"4";"4"
"65229";"9";"1";"1"
"65234";"13";"1";"4"
"65237";"13";"1";"4"
"65242";"10";"1";"1"
"65277";"13";"1";"1"
"65291";"13";"1";"1"
"65292";"38";"4";"4"
"65296";"2";"1";"1"
"65320";"42";"4";"4"
"65325";"13";"1";"1"
"65327";"12";"4";"4"
"65332";"11";"1";"1"
"65333";"12";"1";"1"
"65346";"12";"1";"4"
"65348";"13";"1";"1"
"65366";"13";"1";"1"
"65376";"1";"1";"1"
"65384";"28";"4";"4"
"65387";"19";"4";"4"
"65393";"13";"1";"1"
"65402";"13";"1";"1"
"65416";"23";"1";"1"
"65420";"25";"1";"1"
"65421";"123";"4";"4"
"65424";"13";"1";"4"
"65430";"13";"1";"1"
"65446";"13";"1";"1"
"65452";"13";"1";"1"
"65453";"13";"4";"4"
"65459";"13";"1";"1"
"65468";"6";"4";"4"
"65470";"35";"4";"4"
"65475";"48";"4";"4"
"65477";"13";"1";"4"
"65494";"13";"1";"1"
"65523";"9";"1";"1"
"65536";"13";"1";"1"
"65540";"12";"1";"1"
"65541";"12";"4";"4"
"65544";"13";"1";"4"
"65568";"12";"4";"4"
"65592";"6";"1";"4"
"65603";"3";"1";"1"
"65606";"12";"1";"1"
"65621";"18";"1";"1"
"65622";"7";"1";"1"
"65623";"12";"1";"1"
"65624";"7";"1";"1"
"65641";"12";"1";"1"
"65645";"4";"4";"4"
"65649";"4";"4";"4"
"65650";"158";"4";"4"
"65657";"12";"1";"1"
"65658";"38";"4";"4"
"65676";"12";"1";"1"
"65699";"12";"1";"1"
"65701";"12";"1";"1"
"65702";"12";"1";"1"
"65713";"12";"4";"4"
"65714";"16";"1";"1"
"65721";"12";"1";"1"
"65732";"12";"4";"4"
"65739";"12";"1";"1"
"65740";"24";"1";"4"
"65747";"12";"1";"1"
"65759";"12";"4";"4"
"65760";"3";"1";"1"
"65763";"12";"1";"4"
"65768";"22";"4";"4"
"65770";"9";"1";"1"
"65789";"45";"4";"4"
"65811";"12";"1";"1"
"65816";"20";"4";"4"
"65828";"36";"1";"4"
"65833";"61";"4";"4"
"65837";"7";"4";"4"
"65841";"136";"4";"4"
"65843";"12";"1";"1"
"65845";"12";"1";"1"
"65846";"33";"1";"1"
"65857";"8";"4";"4"
"65873";"15";"4";"4"
"65886";"12";"1";"1"
"65893";"7";"4";"4"
"65896";"12";"1";"1"
"65899";"152";"4";"4"
"65905";"12";"1";"1"
"65913";"24";"1";"1"
"65915";"16";"1";"1"
"65925";"11";"1";"1"
"65934";"8";"1";"1"
"65937";"12";"1";"1"
"65950";"26";"4";"4"
"65963";"8";"1";"1"
"65968";"33";"1";"1"
"65970";"11";"4";"4"
"65984";"12";"1";"1"
"65986";"8";"1";"1"
"66012";"12";"1";"1"
"66016";"12";"1";"1"
"66017";"36";"1";"1"
"66025";"12";"1";"1"
"66031";"12";"1";"1"
"66034";"12";"1";"1"
"66036";"381";"4";"4"
"66039";"16";"1";"1"
"66041";"12";"1";"1"
"66050";"37";"4";"4"
"66054";"12";"1";"1"
"66059";"3";"1";"1"
"66071";"22";"4";"4"
"66072";"22";"4";"4"
"66076";"142";"4";"4"
"66080";"22";"1";"4"
"66083";"11";"1";"1"
"66099";"44";"4";"4"
"66102";"11";"1";"1"
"66111";"11";"1";"1"
"66114";"89";"4";"4"
"66133";"45";"1";"1"
"66137";"11";"1";"4"
"66138";"11";"1";"1"
"66140";"11";"1";"1"
"66143";"20";"4";"4"
"66145";"7";"1";"1"
"66150";"11";"1";"1"
"66151";"9";"4";"4"
"66157";"22";"1";"1"
"66160";"120";"4";"4"
"66186";"22";"1";"1"
"66188";"11";"1";"4"
"66193";"11";"1";"1"
"66196";"10";"1";"1"
"66199";"11";"1";"1"
"66201";"11";"1";"1"
"66208";"11";"1";"1"
"66209";"11";"1";"4"
"66227";"39";"4";"4"
"66229";"11";"4";"4"
"66237";"2";"1";"1"
"66254";"11";"1";"1"
"66256";"11";"4";"4"
"66267";"11";"1";"1"
"66275";"11";"4";"4"
"66286";"11";"1";"1"
"66287";"47";"1";"1"
"66290";"6";"1";"1"
"66312";"8";"1";"1"
"66313";"9";"4";"4"
"66316";"107";"4";"4"
"66336";"86";"4";"4"
"66362";"11";"1";"1"
"66373";"9";"4";"4"
"66381";"11";"1";"1"
"66385";"11";"4";"4"
"66393";"10";"1";"1"
"66394";"11";"1";"1"
"66396";"5";"1";"1"
"66399";"16";"4";"4"
"66406";"11";"1";"1"
"66414";"3";"1";"4"
"66425";"15";"1";"1"
"66428";"11";"1";"4"
"66434";"1";"4";"4"
"66444";"44";"4";"4"
"66445";"11";"1";"1"
"66451";"22";"1";"4"
"66459";"32";"4";"4"
"66465";"11";"1";"1"
"66468";"11";"1";"1"
"66471";"11";"4";"4"
"66479";"22";"1";"1"
"66491";"11";"1";"1"
"66499";"4";"1";"1"
"66502";"22";"1";"1"
"66505";"22";"4";"4"
"66508";"11";"1";"1"
"66511";"11";"1";"1"
"66515";"11";"4";"4"
"66518";"11";"1";"1"
"66528";"18";"1";"1"
"66535";"11";"1";"1"
"66537";"11";"1";"1"
"66550";"34";"1";"1"
"66557";"9";"4";"4"
"66564";"11";"1";"1"
"66574";"14";"1";"1"
"66575";"106";"4";"4"
"66587";"21";"4";"4"
"66588";"29";"4";"4"
"66589";"11";"1";"1"
"66612";"10";"1";"1"
"66618";"40";"4";"4"
"66622";"10";"1";"4"
"66623";"9";"4";"4"
"66637";"2";"1";"1"
"66639";"10";"1";"1"
"66645";"10";"1";"1"
"66655";"10";"1";"1"
"66656";"22";"4";"4"
"66664";"9";"1";"1"
"66667";"10";"1";"1"
"66678";"10";"1";"1"
"66681";"10";"1";"1"
"66689";"24";"4";"4"
"66690";"12";"4";"4"
"66691";"19";"1";"1"
"66693";"147";"4";"4"
"66697";"9";"1";"1"
"66714";"17";"4";"4"
"66716";"10";"1";"1"
"66723";"8";"4";"4"
"66726";"10";"4";"4"
"66737";"10";"4";"4"
"66770";"10";"1";"1"
"66771";"10";"1";"1"
"66776";"10";"1";"1"
"66785";"10";"1";"4"
"66788";"10";"1";"1"
"66808";"3";"1";"1"
"66827";"10";"1";"1"
"66832";"15";"1";"1"
"66837";"40";"4";"4"
"66871";"78";"4";"4"
"66874";"10";"1";"4"
"66885";"10";"1";"1"
"66893";"10";"1";"1"
"66898";"10";"1";"1"
"66908";"89";"4";"4"
"66920";"40";"4";"4"
"66927";"26";"1";"1"
"66929";"5";"1";"1"
"66930";"10";"1";"4"
"66934";"313";"4";"4"
"66938";"3";"4";"4"
"66945";"10";"1";"1"
"66946";"10";"1";"1"
"66950";"10";"1";"1"
"66980";"7";"1";"1"
"66981";"17";"4";"4"
"66984";"10";"1";"1"
"66999";"9";"1";"1"
"67008";"10";"1";"1"
"67011";"10";"1";"1"
"67015";"6";"4";"4"
"67029";"8";"1";"1"
"67034";"10";"1";"1"
"67039";"9";"1";"1"
"67048";"10";"1";"1"
"67056";"10";"1";"1"
"67087";"10";"1";"1"
"67093";"4";"1";"1"
"67094";"10";"1";"1"
"67116";"1";"1";"1"
"67120";"10";"1";"1"
"67135";"10";"1";"1"
"67138";"8";"4";"4"
"67142";"19";"4";"4"
"67150";"65";"4";"4"
"67159";"10";"1";"1"
"67161";"10";"1";"4"
"67167";"10";"1";"1"
"67168";"10";"1";"1"
"67170";"10";"1";"1"
"67176";"10";"1";"1"
"67208";"10";"1";"1"
"67210";"10";"1";"1"
"67215";"10";"1";"1"
"67221";"10";"1";"1"
"67232";"18";"1";"1"
"67242";"23";"4";"4"
"67244";"17";"4";"4"
"67255";"9";"1";"1"
"67256";"5";"1";"4"
"67260";"9";"1";"1"
"67269";"9";"1";"1"
"67273";"19";"1";"1"
"67296";"9";"1";"1"
"67299";"9";"1";"1"
"67303";"18";"1";"1"
"67311";"9";"1";"1"
"67320";"27";"4";"4"
"67341";"9";"4";"4"
"67353";"29";"4";"4"
"67359";"7";"1";"1"
"67370";"10";"4";"4"
"67382";"6";"1";"1"
"67384";"9";"1";"1"
"67386";"15";"1";"1"
"67395";"9";"4";"4"
"67397";"35";"4";"4"
"67414";"7";"1";"1"
"67430";"9";"1";"1"
"67438";"9";"1";"1"
"67456";"9";"1";"1"
"67462";"9";"1";"1"
"67473";"9";"1";"1"
"67486";"2";"1";"1"
"67489";"18";"1";"1"
"67493";"38";"4";"4"
"67501";"9";"1";"1"
"67503";"9";"1";"1"
"67505";"50";"4";"4"
"67521";"9";"1";"1"
"67522";"9";"1";"1"
"67524";"9";"1";"1"
"67526";"9";"1";"1"
"67534";"4";"1";"1"
"67535";"4";"1";"1"
"67547";"27";"4";"4"
"67550";"5";"1";"1"
"67552";"9";"1";"1"
"67569";"7";"1";"1"
"67583";"9";"1";"1"
"67595";"26";"4";"4"
"67606";"18";"1";"1"
"67618";"25";"4";"4"
"67620";"14";"1";"1"
"67621";"9";"1";"1"
"67626";"502";"4";"4"
"67628";"9";"1";"1"
"67642";"9";"1";"1"
"67647";"9";"1";"1"
"67655";"9";"1";"1"
"67662";"9";"1";"1"
"67672";"12";"1";"1"
"67673";"70";"4";"4"
"67675";"9";"1";"1"
"67677";"9";"1";"1"
"67679";"18";"1";"1"
"67682";"9";"4";"4"
"67687";"4";"1";"1"
"67688";"11";"1";"1"
"67691";"3";"1";"1"
"67701";"9";"1";"1"
"67714";"8";"1";"1"
"67716";"11";"1";"1"
"67723";"9";"1";"1"
"67727";"9";"1";"1"
"67737";"51";"4";"4"
"67753";"9";"1";"1"
"67758";"8";"1";"1"
"67765";"9";"1";"1"
"67769";"9";"1";"1"
"67776";"26";"1";"1"
"67796";"17";"4";"4"
"67800";"9";"1";"1"
"67804";"9";"1";"1"
"67806";"9";"1";"1"
"67812";"17";"4";"4"
"67831";"9";"4";"4"
"67834";"9";"1";"1"
"67840";"1";"4";"4"
"67842";"8";"1";"1"
"67854";"38";"4";"4"
"67870";"8";"1";"1"
"67882";"7";"1";"1"
"67902";"8";"4";"4"
"67904";"45";"4";"4"
"67922";"7";"1";"1"
"67989";"8";"1";"1"
"67996";"18";"1";"1"
"67998";"6";"1";"1"
"67999";"8";"1";"1"
"68003";"26";"4";"4"
"68016";"18";"4";"4"
"68018";"17";"1";"1"
"68021";"16";"1";"1"
"68022";"8";"1";"1"
"68033";"5";"4";"4"
"68036";"8";"1";"1"
"68046";"22";"4";"4"
"68047";"8";"1";"1"
"68050";"8";"1";"4"
"68061";"8";"1";"1"
"68089";"10";"1";"4"
"68090";"12";"1";"1"
"68094";"8";"1";"1"
"68103";"8";"1";"1"
"68108";"2";"4";"4"
"68128";"8";"1";"1"
"68136";"8";"1";"1"
"68167";"8";"1";"1"
"68174";"16";"1";"1"
"68200";"8";"1";"1"
"68203";"8";"1";"1"
"68206";"2";"1";"1"
"68207";"8";"1";"1"
"68218";"3";"1";"1"
"68244";"8";"1";"1"
"68250";"8";"1";"1"
"68264";"13";"4";"4"
"68268";"8";"4";"4"
"68275";"8";"1";"1"
"68323";"12";"4";"4"
"68327";"8";"1";"1"
"68329";"8";"1";"4"
"68352";"2";"1";"1"
"68358";"7";"1";"1"
"68359";"8";"1";"1"
"68368";"15";"1";"1"
"68402";"8";"1";"1"
"68409";"8";"1";"1"
"68415";"6";"4";"4"
"68419";"8";"1";"1"
"68433";"8";"1";"1"
"68435";"25";"1";"1"
"68451";"2";"1";"1"
"68454";"8";"1";"1"
"68470";"8";"1";"1"
"68479";"8";"1";"1"
"68514";"7";"4";"4"
"68525";"8";"4";"4"
"68547";"28";"4";"4"
"68579";"8";"4";"4"
"68586";"8";"4";"4"
"68599";"7";"4";"4"
"68698";"8";"1";"1"
"68710";"3";"4";"4"
"68712";"8";"1";"1"
"68764";"27";"4";"4"
"68776";"12";"4";"4"
"68805";"8";"1";"1"
"68882";"8";"1";"4"
"68887";"6";"1";"1"
"68897";"7";"1";"1"
"68923";"8";"1";"1"
"68924";"5";"1";"1"
"68926";"8";"1";"1"
"68933";"127";"4";"4"
"68940";"8";"4";"4"
"68953";"8";"1";"1"
"68968";"8";"4";"4"
"68995";"8";"4";"4"
"69005";"8";"1";"1"
"69068";"8";"1";"4"
"69084";"8";"1";"1"
"69089";"8";"1";"1"
"69137";"6";"4";"4"
"69159";"14";"1";"1"
"69163";"7";"1";"4"
"69165";"10";"1";"1"
"69173";"11";"1";"1"
"69175";"7";"1";"1"
"69200";"1";"1";"1"
"69202";"7";"1";"1"
"69218";"7";"1";"1"
"69255";"7";"1";"1"
"69267";"7";"1";"1"
"69337";"7";"1";"1"
"69346";"12";"1";"1"
"69369";"15";"4";"4"
"69377";"16";"4";"4"
"69381";"4";"4";"4"
"69410";"7";"1";"1"
"69411";"7";"1";"1"
"69450";"7";"1";"1"
"69457";"7";"1";"1"
"69470";"12";"1";"4"
"69496";"21";"4";"4"
"69508";"2";"4";"4"
"69557";"7";"1";"1"
"69572";"7";"1";"1"
"69584";"7";"1";"1"
"69586";"7";"1";"1"
"69614";"10";"4";"4"
"69623";"7";"1";"1"
"69656";"9";"4";"4"
"69666";"7";"4";"4"
"69670";"2";"1";"1"
"69671";"1";"4";"4"
"69693";"53";"4";"4"
"69740";"7";"1";"1"
"69768";"18";"4";"4"
"69772";"7";"4";"4"
"69818";"7";"1";"1"
"69849";"10";"1";"1"
"69850";"21";"4";"4"
"69863";"3";"1";"1"
"69878";"7";"1";"4"
"69944";"5";"1";"1"
"70001";"7";"1";"1"
"70014";"5";"1";"1"
"70015";"7";"1";"1"
"70020";"7";"1";"1"
"70053";"6";"1";"1"
"70085";"16";"4";"4"
"70096";"7";"1";"1"
"70128";"7";"1";"1"
"70137";"10";"4";"4"
"70143";"7";"4";"4"
"70144";"7";"1";"4"
"70158";"4";"4";"4"
"70185";"5";"4";"4"
"70254";"4";"1";"1"
"70271";"11";"1";"1"
"70273";"10";"4";"4"
"70279";"63";"4";"4"
"70286";"7";"1";"1"
"70287";"7";"1";"1"
"70299";"7";"1";"4"
"70349";"7";"1";"4"
"70371";"7";"1";"1"
"70374";"7";"1";"4"
"70394";"6";"1";"1"
"70445";"6";"1";"1"
"70452";"6";"1";"1"
"70455";"6";"4";"4"
"70469";"13";"4";"4"
"70504";"6";"1";"1"
"70508";"32";"4";"4"
"70514";"6";"1";"1"
"70523";"6";"1";"1"
"70524";"18";"4";"4"
"70526";"6";"1";"1"
"70529";"6";"1";"1"
"70561";"12";"1";"1"
"70579";"6";"1";"1"
"70604";"6";"1";"1"
"70605";"6";"1";"4"
"70606";"6";"1";"1"
"70628";"5";"1";"4"
"70637";"10";"4";"4"
"70653";"2";"1";"1"
"70700";"19";"4";"4"
"70702";"6";"4";"4"
"70705";"5";"1";"1"
"70721";"48";"4";"4"
"70739";"5";"1";"1"
"70745";"6";"1";"1"
"70755";"10";"4";"4"
"70780";"6";"1";"1"
"70795";"11";"4";"4"
"70805";"12";"1";"1"
"70810";"6";"1";"1"
"70832";"6";"1";"1"
"70840";"6";"1";"1"
"70841";"6";"1";"1"
"70847";"14";"1";"1"
"70855";"17";"1";"1"
"70869";"6";"1";"1"
"70870";"11";"1";"1"
"70880";"28";"1";"1"
"70892";"22";"4";"4"
"70921";"12";"4";"4"
"70929";"6";"4";"4"
"70941";"4";"4";"4"
"70986";"6";"4";"4"
"70992";"6";"1";"1"
"70996";"6";"4";"4"
"71005";"6";"4";"4"
"71015";"277";"4";"4"
"71036";"6";"1";"1"
"71054";"4";"1";"1"
"71109";"4";"1";"1"
"71111";"6";"1";"1"
"71173";"6";"1";"4"
"71190";"5";"4";"4"
"71193";"12";"4";"4"
"71203";"6";"1";"1"
"71206";"6";"1";"1"
"71216";"6";"1";"1"
"71217";"6";"4";"4"
"71235";"6";"1";"1"
"71248";"16";"1";"4"
"71249";"6";"1";"1"
"71267";"10";"1";"1"
"71300";"6";"4";"4"
"71325";"5";"1";"1"
"71329";"6";"1";"4"
"71330";"5";"4";"4"
"71345";"12";"1";"1"
"71357";"11";"4";"4"
"71358";"6";"1";"1"
"71365";"6";"1";"1"
"71366";"6";"1";"1"
"71375";"6";"1";"1"
"71380";"5";"1";"1"
"71381";"5";"1";"1"
"71390";"23";"4";"4"
"71396";"5";"1";"1"
"71424";"5";"1";"4"
"71432";"5";"1";"4"
"71441";"15";"1";"1"
"71448";"5";"1";"1"
"71449";"5";"1";"1"
"71453";"5";"1";"4"
"71470";"15";"4";"4"
"71480";"1";"1";"1"
"71483";"40";"4";"4"
"71502";"5";"1";"1"
"71507";"5";"1";"1"
"71510";"5";"1";"1"
"71523";"5";"1";"1"
"71544";"5";"4";"4"
"71590";"5";"1";"1"
"71593";"4";"4";"4"
"71602";"5";"1";"1"
"71607";"5";"1";"1"
"71609";"5";"1";"1"
"71613";"5";"1";"1"
"71616";"5";"1";"1"
"71620";"5";"1";"1"
"71645";"4";"1";"1"
"71671";"5";"1";"1"
"71713";"15";"4";"4"
"71733";"10";"4";"4"
"71742";"3";"1";"4"
"71759";"5";"1";"1"
"71791";"10";"1";"1"
"71806";"19";"4";"4"
"71809";"25";"1";"1"
"71814";"5";"4";"4"
"71854";"5";"1";"1"
"71895";"5";"1";"1"
"71906";"10";"1";"1"
"71931";"4";"1";"1"
"71939";"5";"1";"1"
"71962";"18";"4";"4"
"72002";"10";"1";"1"
"72004";"5";"1";"1"
"72007";"3";"1";"1"
"72031";"5";"1";"1"
"72033";"4";"4";"4"
"72037";"5";"1";"1"
"72054";"5";"1";"1"
"72065";"21";"4";"4"
"72103";"25";"4";"4"
"72107";"5";"1";"1"
"72118";"10";"1";"1"
"72123";"10";"4";"4"
"72131";"19";"1";"1"
"72134";"5";"1";"1"
"72171";"5";"1";"1"
"72215";"6";"1";"1"
"72217";"4";"1";"4"
"72238";"9";"4";"4"
"72240";"8";"1";"1"
"72241";"8";"4";"4"
"72250";"4";"1";"1"
"72252";"5";"1";"1"
"72261";"5";"1";"1"
"72280";"5";"1";"1"
"72308";"31";"4";"4"
"72330";"5";"1";"1"
"72339";"5";"4";"4"
"72377";"4";"1";"1"
"72411";"10";"1";"1"
"72434";"5";"1";"1"
"72452";"5";"1";"1"
"72461";"1";"4";"4"
"72462";"5";"1";"1"
"72475";"5";"1";"1"
"72508";"5";"1";"1"
"72518";"4";"1";"1"
"72536";"14";"1";"1"
"72559";"10";"4";"4"
"72590";"5";"4";"4"
"72605";"5";"1";"1"
"72606";"6";"4";"4"
"72607";"15";"1";"1"
"72611";"6";"1";"1"
"72622";"5";"1";"1"
"72635";"10";"1";"1"
"72638";"5";"1";"1"
"72639";"5";"1";"1"
"72641";"5";"1";"1"
"72645";"5";"1";"1"
"72646";"4";"1";"1"
"72690";"5";"1";"1"
"72714";"5";"4";"4"
"72743";"9";"1";"1"
"72749";"4";"1";"1"
"72764";"5";"1";"1"
"72774";"5";"4";"4"
"72776";"5";"1";"1"
"72788";"4";"1";"1"
"72789";"5";"1";"1"
"72796";"4";"1";"1"
"72806";"9";"1";"1"
"72812";"4";"1";"1"
"72818";"2";"1";"4"
"72839";"4";"1";"1"
"72864";"6";"1";"1"
"72870";"4";"1";"1"
"72900";"4";"1";"1"
"72924";"4";"1";"1"
"72934";"4";"1";"1"
"72954";"4";"1";"1"
"72962";"8";"1";"1"
"72969";"71";"4";"4"
"72994";"4";"1";"1"
"73000";"4";"1";"1"
"73006";"8";"1";"1"
"73016";"12";"4";"4"
"73017";"4";"1";"1"
"73018";"4";"1";"1"
"73020";"4";"1";"1"
"73029";"6";"1";"1"
"73039";"11";"1";"1"
"73045";"4";"1";"1"
"73064";"4";"1";"1"
"73070";"3";"1";"1"
"73088";"4";"1";"1"
"73098";"41";"4";"4"
"73100";"4";"1";"1"
"73108";"4";"1";"1"
"73109";"3";"1";"1"
"73110";"4";"1";"1"
"73163";"3";"1";"1"
"73164";"3";"1";"1"
"73173";"10";"4";"4"
"73197";"4";"1";"1"
"73199";"10";"1";"1"
"73202";"4";"1";"4"
"73204";"3";"1";"1"
"73213";"4";"1";"1"
"73269";"1";"1";"1"
"73297";"42";"4";"4"
"73339";"4";"1";"1"
"73363";"4";"1";"1"
"73367";"11";"4";"4"
"73369";"4";"1";"1"
"73393";"11";"1";"1"
"73430";"4";"1";"1"
"73432";"4";"1";"1"
"73447";"10";"1";"1"
"73449";"8";"1";"4"
"73458";"4";"1";"1"
"73520";"1";"1";"1"
"73537";"13";"4";"4"
"73552";"4";"1";"1"
"73598";"4";"1";"1"
"73610";"4";"1";"1"
"73612";"8";"1";"1"
"73623";"31";"4";"4"
"73630";"4";"1";"1"
"73654";"4";"1";"1"
"73663";"4";"1";"1"
"73699";"4";"1";"1"
"73705";"4";"1";"1"
"73730";"4";"1";"1"
"73742";"4";"1";"1"
"73744";"21";"1";"4"
"73749";"6";"4";"4"
"73752";"56";"4";"4"
"73805";"4";"1";"1"
"73811";"4";"1";"1"
"73815";"4";"1";"1"
"73863";"7";"1";"4"
"73877";"4";"4";"4"
"73882";"3";"1";"1"
"73898";"4";"1";"1"
"73901";"4";"1";"1"
"73905";"4";"1";"1"
"73922";"3";"1";"1"
"73942";"4";"1";"1"
"73969";"7";"1";"1"
"73977";"3";"1";"1"
"74000";"3";"1";"1"
"74009";"3";"4";"4"
"74025";"3";"1";"1"
"74026";"3";"1";"1"
"74052";"3";"1";"1"
"74128";"3";"1";"1"
"74134";"90";"4";"4"
"74169";"3";"1";"1"
"74186";"3";"1";"1"
"74188";"9";"1";"1"
"74212";"3";"1";"1"
"74249";"8";"4";"4"
"74296";"3";"1";"1"
"74328";"3";"1";"1"
"74346";"3";"1";"1"
"74374";"3";"1";"1"
"74379";"3";"1";"1"
"74385";"3";"1";"1"
"74404";"3";"1";"1"
"74412";"4";"4";"4"
"74423";"3";"1";"1"
"74426";"5";"1";"1"
"74427";"3";"1";"1"
"74444";"3";"1";"1"
"74447";"4";"4";"4"
"74490";"3";"1";"1"
"74508";"6";"1";"1"
"74560";"7";"1";"1"
"74570";"5";"1";"1"
"74576";"3";"1";"1"
"74581";"11";"4";"4"
"74622";"4";"4";"4"
"74629";"2";"4";"4"
"74634";"1";"1";"1"
"74687";"3";"1";"1"
"74717";"4";"1";"1"
"74741";"3";"1";"1"
"74744";"3";"1";"1"
"74757";"1";"1";"1"
"74762";"6";"1";"1"
"74777";"3";"1";"1"
"74780";"3";"1";"1"
"74848";"8";"4";"4"
"74854";"3";"4";"4"
"74856";"6";"4";"4"
"74905";"6";"4";"4"
"74946";"3";"1";"4"
"75027";"3";"1";"1"
"75036";"2";"1";"1"
"75056";"3";"1";"1"
"75057";"3";"1";"1"
"75067";"4";"1";"1"
"75119";"3";"1";"1"
"75150";"1";"1";"1"
"75165";"1";"1";"1"
"75206";"2";"1";"1"
"75210";"1";"1";"1"
"75259";"3";"1";"1"
"75280";"4";"1";"1"
"75287";"3";"1";"1"
"75314";"33";"4";"4"
"75342";"2";"1";"1"
"75363";"2";"1";"1"
"75395";"2";"1";"1"
"75402";"2";"1";"1"
"75443";"2";"1";"1"
"75468";"2";"1";"1"
"75475";"2";"1";"1"
"75484";"2";"1";"1"
"75486";"2";"1";"1"
"75508";"2";"1";"1"
"75536";"1";"1";"1"
"75620";"2";"1";"1"
"75628";"2";"4";"4"
"75632";"4";"1";"1"
"75638";"2";"1";"1"
"75649";"6";"4";"4"
"75666";"2";"1";"1"
"75675";"2";"1";"1"
"75679";"4";"1";"1"
"75681";"2";"1";"1"
"75716";"3";"1";"1"
"75745";"16";"1";"1"
"75790";"6";"4";"4"
"75805";"1";"4";"4"
"75819";"2";"1";"1"
"75857";"2";"1";"1"
"75865";"2";"4";"4"
"75884";"2";"1";"1"
"75888";"2";"1";"1"
"75930";"2";"1";"1"
"75957";"2";"1";"4"
"75966";"7";"1";"1"
"75968";"2";"1";"1"
"75969";"3";"4";"4"
"75999";"2";"1";"1"
"76016";"2";"1";"1"
"76027";"2";"1";"1"
"76059";"3";"1";"1"
"76071";"2";"1";"4"
"76098";"2";"1";"1"
"76105";"2";"1";"1"
"76106";"2";"1";"1"
"76114";"2";"1";"1"
"76131";"2";"4";"4"
"76176";"3";"4";"4"
"76217";"1";"1";"1"
"76219";"2";"1";"1"
"76232";"5";"4";"4"
"76275";"2";"1";"1"
"76282";"2";"1";"1"
"76291";"2";"1";"1"
"76326";"1";"1";"1"
"76328";"2";"1";"1"
"76331";"2";"1";"1"
"76344";"2";"1";"1"
"76359";"2";"1";"1"
"76376";"2";"1";"1"
"76379";"2";"1";"1"
"76395";"2";"4";"4"
"76419";"3";"1";"1"
"76433";"2";"1";"1"
"76461";"1";"1";"1"
"76466";"2";"4";"4"
"76468";"2";"1";"1"
"76471";"4";"1";"1"
"76506";"2";"4";"4"
"76507";"2";"1";"4"
"76509";"2";"1";"1"
"76531";"2";"4";"4"
"76585";"2";"1";"1"
"76593";"2";"1";"1"
"76598";"2";"1";"1"
"76612";"2";"1";"1"
"76618";"1";"1";"1"
"76619";"2";"1";"1"
"76626";"2";"1";"1"
"76634";"4";"1";"1"
"76635";"2";"1";"1"
"76663";"1";"1";"1"
"76675";"4";"1";"1"
"76737";"1";"1";"1"
"76801";"1";"1";"1"
"76803";"1";"1";"1"
"76812";"1";"1";"1"
"76844";"1";"1";"1"
"76858";"1";"1";"1"
"76888";"1";"1";"1"
"76893";"1";"1";"1"
"76896";"2";"1";"1"
"76905";"2";"1";"1"
"76920";"1";"1";"1"
"76936";"1";"1";"1"
"76950";"1";"1";"4"
"76958";"1";"1";"1"
"76977";"1";"1";"1"
"76994";"2";"4";"4"
"77020";"1";"1";"1"
"77023";"1";"1";"1"
"77037";"1";"4";"4"
"77047";"2";"4";"4"
"77066";"1";"1";"1"
"77083";"2";"1";"1"
"77085";"1";"1";"1"
"77105";"4";"4";"4"
"77164";"1";"1";"1"
"77170";"2";"4";"4"
"77195";"1";"1";"1"
"77207";"1";"1";"1"
"77208";"1";"1";"1"
"77233";"1";"1";"1"
"77250";"2";"1";"1"
"77263";"3";"4";"4"
"77292";"1";"1";"1"
"77310";"1";"1";"1"
"77369";"1";"1";"1"
"77371";"1";"1";"1"
"77390";"1";"1";"4"
"77397";"1";"1";"1"
"77400";"1";"1";"1"
"77406";"1";"1";"1"
"77439";"1";"1";"1"
"77445";"1";"1";"1"
"77461";"1";"1";"1"
"77479";"1";"1";"1"
"77487";"2";"1";"1"
"77532";"1";"1";"1"
"77537";"1";"1";"1"
"77543";"1";"1";"1"
"77554";"1";"1";"1"
"77558";"1";"1";"1"
"77593";"1";"1";"1"
"77604";"1";"1";"1"
