"totalPost";"userId";"profile_1";"profile_2"
"19";"50181";"4";"4"
"2";"50184";"4";"4"
"3";"50185";"4";"4"
"6";"50186";"4";"4"
"18";"50188";"4";"4"
"1";"50192";"4";"4"
"2";"50195";"4";"4"
"34";"50196";"4";"4"
"4";"50199";"4";"4"
"1";"50202";"4";"4"
"69";"50204";"4";"4"
"8";"50206";"4";"4"
"1";"50209";"4";"4"
"30";"50213";"4";"4"
"1";"50216";"4";"4"
"1";"50217";"4";"4"
"4";"50221";"4";"4"
"1";"50224";"4";"4"
"1";"50228";"4";"4"
"3";"50231";"4";"4"
"4";"50235";"4";"4"
"6";"50238";"4";"4"
"2";"50240";"1";"1"
"10";"50247";"4";"4"
"1";"50248";"4";"4"
"16";"50252";"4";"4"
"129";"50255";"4";"4"
"1";"50256";"4";"4"
"8";"50257";"4";"4"
"27";"50258";"4";"4"
"2";"50261";"4";"4"
"2";"50264";"4";"4"
"5";"50265";"4";"4"
"1";"50266";"4";"4"
"1";"50270";"4";"4"
"2";"50275";"4";"4"
"1";"50277";"4";"4"
"13";"50278";"4";"4"
"5";"50280";"4";"4"
"2";"50284";"4";"4"
"22";"50287";"4";"4"
"7";"50294";"4";"4"
"9";"50297";"4";"4"
"10";"50306";"4";"4"
"21";"50310";"4";"4"
"15";"50312";"4";"4"
"3";"50317";"4";"4"
"1";"50321";"4";"4"
"21";"50332";"4";"4"
"1";"50345";"1";"1"
"1";"50348";"4";"4"
"1";"50351";"1";"1"
"96";"50357";"4";"4"
"1";"50359";"1";"1"
"47";"50360";"4";"4"
"25";"50365";"4";"4"
"1";"50400";"4";"4"
"1";"50402";"1";"1"
"1";"50405";"1";"1"
"1";"50406";"1";"1"
"8";"50412";"4";"4"
"3";"50418";"4";"4"
"1";"50425";"4";"4"
"1";"50428";"4";"4"
"9";"50430";"4";"4"
"1";"50437";"4";"4"
"244";"50441";"4";"4"
"10";"50449";"4";"4"
"4";"50461";"4";"4"
"2";"50467";"4";"4"
"52";"50469";"4";"4"
"3";"50473";"4";"4"
"1";"50479";"1";"1"
"3";"50483";"4";"4"
"2";"50484";"1";"1"
"12";"50486";"4";"4"
"4";"50487";"4";"4"
"24";"50490";"4";"4"
"1";"50504";"4";"4"
"4";"50507";"4";"4"
"1";"50510";"4";"4"
"22";"50518";"4";"4"
"1";"50522";"4";"4"
"4";"50537";"4";"4"
"7";"50538";"4";"4"
"5";"50543";"4";"4"
"3";"50548";"4";"4"
"2";"50561";"4";"4"
"551";"50562";"4";"4"
"13";"50582";"4";"4"
"2";"50583";"4";"4"
"1";"50586";"1";"1"
"3";"50587";"4";"4"
"1";"50600";"4";"4"
"61";"50605";"4";"4"
"6";"50611";"4";"4"
"1";"50618";"1";"1"
"190";"50621";"4";"4"
"2";"50623";"4";"4"
"1";"50625";"1";"1"
"1";"50635";"1";"1"
"2";"50638";"4";"4"
"1";"50639";"1";"1"
"1";"50642";"1";"1"
"10";"50647";"4";"4"
"1";"50648";"4";"4"
"1";"50658";"1";"4"
"12";"50666";"4";"4"
"1";"50673";"4";"4"
"2";"50676";"4";"4"
"1";"50687";"1";"1"
"17";"50701";"4";"4"
"1";"50702";"1";"4"
"3";"50705";"4";"4"
"1";"50707";"1";"1"
"7";"50720";"4";"4"
"3";"50730";"4";"4"
"15";"50733";"4";"4"
"1";"50740";"4";"4"
"1";"50744";"1";"1"
"3";"50757";"4";"4"
"4";"50762";"4";"4"
"3";"50771";"4";"4"
"39";"50775";"4";"4"
"2";"50776";"1";"1"
"4";"50793";"4";"4"
"1";"50795";"4";"4"
"15";"50803";"4";"4"
"1";"50805";"4";"4"
"3";"50825";"4";"4"
"6";"50828";"4";"4"
"1";"50844";"4";"4"
"4";"50845";"4";"4"
"1";"50848";"4";"4"
"7";"50856";"4";"4"
"1";"50867";"1";"1"
"3";"50869";"4";"4"
"1";"50873";"1";"1"
"4";"50875";"4";"4"
"1";"50878";"1";"1"
"1";"50886";"4";"4"
"6";"50888";"4";"4"
"2";"50896";"4";"4"
"1";"50916";"4";"4"
"1";"50937";"1";"1"
"63";"50939";"4";"4"
"2";"50943";"1";"1"
"1";"50946";"1";"4"
"2";"50947";"4";"4"
"2";"50949";"1";"4"
"7";"50968";"4";"4"
"6";"50983";"4";"4"
"1";"50989";"1";"1"
"2";"50996";"4";"4"
"7";"51017";"4";"4"
"7";"51024";"4";"4"
"1";"51026";"4";"4"
"1";"51032";"1";"1"
"2";"51035";"4";"4"
"1";"51058";"4";"4"
"1";"51061";"1";"1"
"11";"51065";"4";"4"
"1";"51076";"1";"1"
"3";"51078";"4";"4"
"1";"51084";"1";"1"
"1";"51086";"4";"4"
"8";"51098";"4";"4"
"1";"51102";"4";"4"
"2";"51105";"4";"4"
"1";"51110";"1";"1"
"9";"51111";"4";"4"
"1";"51122";"1";"1"
"1";"51126";"4";"4"
"1";"51134";"4";"4"
"1";"51140";"4";"4"
"8";"51146";"4";"4"
"1";"51153";"4";"4"
"1";"51175";"1";"4"
"1";"51178";"1";"1"
"1";"51184";"1";"1"
"3";"51190";"1";"1"
"1";"51192";"1";"1"
"12";"51196";"4";"4"
"1";"51198";"4";"4"
"1";"51207";"4";"4"
"2";"51210";"4";"4"
"1";"51220";"1";"1"
"1";"51233";"4";"4"
"1";"51235";"4";"4"
"1";"51238";"1";"1"
"2";"51239";"4";"4"
"1";"51242";"4";"4"
"1";"51259";"4";"4"
"2";"51262";"4";"4"
"4";"51264";"4";"4"
"1";"51266";"4";"4"
"1";"51276";"1";"1"
"1";"51288";"4";"4"
"2";"51290";"4";"4"
"1";"51294";"1";"1"
"1";"51300";"1";"1"
"1";"51304";"4";"4"
"107";"51307";"4";"4"
"1";"51310";"1";"1"
"1";"51321";"4";"4"
"25";"51322";"4";"4"
"1";"51327";"4";"4"
"1";"51339";"1";"1"
"14";"51342";"4";"4"
"2";"51346";"1";"4"
"1";"51351";"1";"1"
"7";"51361";"4";"4"
"2";"51362";"4";"4"
"1";"51367";"4";"4"
"1";"51377";"4";"4"
"1";"51378";"1";"1"
"31";"51381";"4";"4"
"1";"51385";"1";"1"
"25";"51407";"4";"4"
"3";"51408";"4";"4"
"14";"51426";"4";"4"
"1";"51428";"4";"4"
"3";"51430";"4";"4"
"1";"51435";"1";"1"
"19";"51446";"4";"4"
"2";"51449";"4";"4"
"1";"51465";"4";"4"
"1";"51471";"4";"4"
"1";"51472";"1";"1"
"2";"51478";"4";"4"
"2";"51499";"4";"4"
"1";"51500";"1";"1"
"77";"51502";"4";"4"
"2";"51505";"4";"4"
"1";"51512";"1";"1"
"1";"51519";"1";"1"
"1";"51525";"1";"1"
"1";"51529";"1";"1"
"7";"51532";"4";"4"
"1";"51545";"1";"1"
"6";"51546";"4";"4"
"2";"51553";"1";"1"
"1";"51558";"4";"4"
"37";"51567";"4";"4"
"1";"51569";"1";"1"
"40";"51579";"4";"4"
"1";"51592";"4";"4"
"1";"51610";"4";"4"
"1";"51632";"4";"4"
"1";"51640";"1";"1"
"2";"51641";"4";"4"
"1";"51647";"4";"4"
"1";"51655";"4";"4"
"1";"51657";"4";"4"
"1";"51658";"1";"1"
"4";"51664";"4";"4"
"4";"51670";"4";"4"
"1";"51684";"1";"1"
"4";"51688";"4";"4"
"1";"51701";"1";"1"
"2";"51702";"1";"1"
"2";"51708";"4";"4"
"1";"51709";"4";"4"
"1";"51717";"1";"1"
"1";"51723";"4";"4"
"1";"51728";"4";"4"
"8";"51738";"4";"4"
"125";"51743";"4";"4"
"1";"51749";"4";"4"
"1";"51756";"4";"4"
"1";"51763";"1";"1"
"4";"51778";"4";"4"
"2";"51804";"4";"4"
"1";"51806";"1";"4"
"28";"51818";"4";"4"
"48";"51826";"4";"4"
"6";"51828";"4";"4"
"1";"51850";"1";"1"
"2";"51851";"4";"4"
"2";"51852";"4";"4"
"3";"51854";"4";"4"
"1";"51873";"1";"1"
"4";"51874";"4";"4"
"2";"51879";"4";"4"
"2";"51880";"1";"4"
"1";"51908";"4";"4"
"2";"51909";"4";"4"
"4";"51928";"4";"4"
"1";"51930";"1";"1"
"2";"51932";"4";"4"
"1";"51934";"1";"4"
"1";"51937";"4";"4"
"6";"51968";"4";"4"
"2";"51975";"4";"4"
"1";"51978";"4";"4"
"1";"51993";"1";"1"
"18";"51994";"4";"4"
"32";"52000";"4";"4"
"81";"52001";"4";"4"
"3";"52002";"4";"4"
"2";"52007";"4";"4"
"5";"52015";"4";"4"
"1";"52021";"4";"4"
"13";"52022";"4";"4"
"1";"52024";"4";"4"
"2";"52036";"4";"4"
"1";"52045";"1";"1"
"1";"52054";"4";"4"
"1";"52061";"1";"1"
"6";"52073";"4";"4"
"1";"52083";"1";"1"
"8";"52087";"4";"4"
"1";"52092";"4";"4"
"1";"52100";"1";"1"
"1";"52116";"1";"1"
"1";"52119";"1";"1"
"1";"52129";"1";"1"
"1";"52131";"4";"4"
"1";"52143";"1";"1"
"2";"52184";"4";"4"
"1";"52187";"4";"4"
"15";"52190";"4";"4"
"1";"52197";"4";"4"
"2";"52200";"4";"4"
"2";"52206";"1";"1"
"15";"52219";"4";"4"
"3";"52226";"4";"4"
"1";"52234";"1";"1"
"56";"52236";"4";"4"
"1";"52242";"4";"4"
"1";"52267";"1";"1"
"1";"52270";"1";"4"
"1";"52290";"1";"1"
"1";"52292";"4";"4"
"1";"52293";"1";"1"
"87";"52303";"4";"4"
"5";"52310";"4";"4"
"1";"52311";"1";"1"
"1";"52325";"4";"4"
"2";"52332";"1";"1"
"2";"52342";"1";"1"
"4";"52352";"4";"4"
"3";"52355";"4";"4"
"4";"52362";"4";"4"
"1";"52364";"1";"1"
"6";"52374";"4";"4"
"19";"52390";"4";"4"
"24";"52393";"4";"4"
"1";"52398";"4";"4"
"4";"52410";"4";"4"
"1";"52415";"4";"4"
"2";"52417";"1";"1"
"1";"52432";"4";"4"
"1";"52433";"4";"4"
"1";"52458";"1";"1"
"5";"52462";"4";"4"
"1";"52464";"1";"1"
"1";"52474";"4";"4"
"2";"52477";"4";"4"
"1";"52484";"1";"1"
"14";"52491";"4";"4"
"3";"52503";"4";"4"
"13";"52507";"4";"4"
"1";"52515";"1";"1"
"27";"52516";"4";"4"
"1";"52521";"1";"1"
"1";"52524";"1";"1"
"1";"52527";"4";"4"
"1";"52528";"4";"4"
"3";"52547";"4";"4"
"9";"52564";"4";"4"
"15";"52565";"4";"4"
"1";"52569";"4";"4"
"1";"52572";"4";"4"
"1";"52578";"1";"1"
"1";"52582";"1";"1"
"1";"52583";"4";"4"
"1";"52593";"4";"4"
"1";"52595";"1";"4"
"65";"52599";"4";"4"
"1";"52606";"1";"1"
"2";"52612";"4";"4"
"14";"52616";"4";"4"
"1";"52618";"1";"1"
"1";"52621";"1";"1"
"16";"52624";"4";"4"
"1";"52626";"1";"1"
"1";"52635";"1";"1"
"1";"52636";"1";"1"
"1";"52638";"4";"4"
"1";"52641";"1";"1"
"3";"52647";"1";"1"
"1";"52648";"1";"1"
"1";"52653";"1";"1"
"9";"52659";"4";"4"
"1";"52663";"1";"1"
"13";"52671";"4";"4"
"1";"52675";"1";"1"
"1";"52686";"1";"1"
"1";"52690";"1";"1"
"7";"52697";"4";"4"
"1";"52698";"1";"1"
"35";"52703";"4";"4"
"1";"52713";"1";"1"
"1";"52727";"4";"4"
"2";"52728";"4";"4"
"1";"52732";"1";"1"
"1";"52736";"4";"4"
"1";"52742";"4";"4"
"1";"52747";"1";"1"
"1";"52748";"4";"4"
"1";"52760";"4";"4"
"1";"52785";"1";"1"
"1";"52789";"1";"1"
"1";"52793";"1";"1"
"1";"52796";"1";"1"
"36";"52803";"4";"4"
"1";"52809";"4";"4"
"3";"52811";"1";"1"
"1";"52826";"1";"1"
"3";"52837";"4";"4"
"3";"52843";"4";"4"
"1";"52855";"4";"4"
"2";"52872";"1";"1"
"1";"52878";"4";"4"
"1";"52881";"4";"4"
"1";"52906";"1";"1"
"9";"52907";"4";"4"
"310";"52914";"4";"4"
"1";"52916";"1";"1"
"1";"52933";"1";"1"
"1";"52942";"1";"1"
"1";"52944";"1";"1"
"250";"52957";"4";"4"
"1";"52959";"1";"1"
"1";"52967";"4";"4"
"75";"52978";"4";"4"
"1";"52996";"4";"4"
"26";"52998";"4";"4"
"1";"53021";"4";"4"
"1";"53023";"4";"4"
"1";"53028";"1";"1"
"2";"53034";"1";"1"
"1";"53040";"1";"1"
"2";"53056";"4";"4"
"1";"53061";"1";"1"
"5";"53068";"4";"4"
"1";"53071";"4";"4"
"1";"53078";"4";"4"
"1";"53100";"1";"1"
"2";"53116";"1";"1"
"1";"53121";"4";"4"
"1";"53128";"1";"1"
"1";"53129";"1";"4"
"1";"53130";"1";"1"
"2";"53132";"4";"4"
"1";"53144";"1";"1"
"1";"53146";"1";"1"
"1";"53173";"1";"1"
"5";"53181";"4";"4"
"24";"53183";"4";"4"
"4";"53187";"4";"4"
"1";"53191";"4";"4"
"1";"53194";"1";"1"
"1";"53222";"4";"4"
"3";"53225";"4";"4"
"17";"53233";"4";"4"
"11";"53240";"4";"4"
"1";"53243";"4";"4"
"2";"53251";"1";"1"
"1";"53253";"1";"1"
"3";"53266";"1";"1"
"1";"53280";"1";"1"
"1";"53289";"1";"1"
"1";"53290";"1";"1"
"2";"53294";"4";"4"
"1";"53312";"1";"1"
"8";"53314";"4";"4"
"1";"53324";"1";"1"
"1";"53325";"1";"1"
"1";"53326";"1";"1"
"1";"53352";"1";"1"
"2";"53363";"4";"4"
"1";"53378";"1";"1"
"4";"53380";"4";"4"
"2";"53394";"4";"4"
"2";"53401";"4";"4"
"1";"53409";"4";"4"
"4";"53423";"4";"4"
"1";"53427";"1";"1"
"1";"53431";"1";"1"
"4";"53446";"4";"4"
"1";"53451";"4";"4"
"1";"53453";"4";"4"
"139";"53459";"4";"4"
"181";"53468";"4";"4"
"1";"53473";"1";"1"
"1";"53474";"1";"1"
"5";"53487";"4";"4"
"1";"53493";"1";"1"
"1";"53497";"1";"1"
"1";"53501";"4";"4"
"1";"53503";"4";"4"
"1";"53521";"1";"1"
"86";"53528";"4";"4"
"121";"53529";"4";"4"
"1";"53535";"1";"1"
"1";"53550";"1";"1"
"1";"53554";"1";"1"
"1";"53564";"1";"1"
"1";"53573";"1";"1"
"9";"53575";"4";"4"
"5";"53578";"4";"4"
"89";"53584";"4";"4"
"2";"53586";"4";"4"
"1";"53593";"1";"1"
"1";"53598";"4";"4"
"3";"53610";"4";"4"
"1";"53614";"1";"1"
"2";"53623";"1";"1"
"1";"53624";"1";"4"
"1";"53626";"4";"4"
"1";"53634";"1";"4"
"1";"53635";"1";"1"
"313";"53643";"4";"4"
"1";"53649";"4";"4"
"56";"53653";"4";"4"
"1";"53657";"4";"4"
"5";"53660";"4";"4"
"1";"53663";"1";"1"
"2";"53667";"1";"1"
"1";"53689";"4";"4"
"6";"53695";"4";"4"
"9";"53706";"4";"4"
"2";"53709";"4";"4"
"1";"53712";"1";"1"
"1";"53720";"1";"1"
"1";"53729";"4";"4"
"1";"53739";"4";"4"
"1";"53752";"1";"1"
"10";"53754";"4";"4"
"2";"53757";"4";"4"
"5";"53758";"1";"1"
"6";"53771";"4";"4"
"1";"53778";"4";"4"
"1";"53779";"1";"1"
"10";"53786";"4";"4"
"1";"53789";"1";"1"
"1";"53802";"4";"4"
"10";"53803";"4";"4"
"2";"53810";"4";"4"
"2";"53813";"4";"4"
"1";"53820";"1";"1"
"3";"53829";"4";"4"
"1";"53830";"4";"4"
"1";"53833";"4";"4"
"1";"53837";"1";"1"
"1";"53840";"1";"1"
"1";"53843";"4";"4"
"1";"53848";"4";"4"
"1";"53851";"4";"4"
"4";"53855";"4";"4"
"27";"53864";"4";"4"
"2";"53873";"4";"4"
"1";"53874";"1";"1"
"2";"53882";"1";"1"
"40";"53888";"4";"4"
"1";"53895";"1";"1"
"1";"53899";"1";"1"
"1";"53900";"1";"1"
"2";"53913";"1";"1"
"1";"53920";"4";"4"
"1";"53927";"1";"1"
"1";"53931";"1";"1"
"1";"53937";"1";"1"
"104";"53948";"4";"4"
"1";"53952";"1";"1"
"24";"53953";"4";"4"
"1";"53957";"1";"1"
"1";"53959";"1";"1"
"1";"53963";"1";"1"
"1";"53966";"1";"1"
"147";"53980";"4";"4"
"1";"53997";"1";"1"
"41";"54000";"4";"4"
"1";"54006";"1";"1"
"3";"54007";"4";"4"
"4";"54013";"4";"4"
"1";"54014";"4";"4"
"1";"54026";"1";"1"
"67";"54029";"4";"4"
"1";"54033";"4";"4"
"7";"54034";"4";"4"
"2";"54040";"1";"1"
"1";"54059";"4";"4"
"1";"54064";"1";"1"
"51";"54066";"4";"4"
"1";"54070";"4";"4"
"7";"54072";"4";"4"
"1";"54076";"4";"4"
"1";"54078";"1";"1"
"8";"54080";"4";"4"
"1";"54081";"1";"1"
"1";"54084";"1";"1"
"2";"54093";"4";"4"
"2";"54100";"4";"4"
"3";"54110";"4";"4"
"1";"54134";"1";"1"
"1";"54136";"4";"4"
"4";"54145";"4";"4"
"1";"54147";"1";"1"
"2";"54157";"1";"1"
"10";"54159";"4";"4"
"2";"54160";"1";"1"
"1";"54176";"1";"1"
"1";"54177";"1";"1"
"1";"54196";"1";"1"
"1";"54204";"1";"1"
"1";"54212";"1";"1"
"1";"54215";"1";"1"
"2";"54223";"1";"4"
"1";"54225";"1";"1"
"5";"54228";"4";"4"
"2";"54229";"1";"1"
"1";"54232";"4";"4"
"1";"54235";"1";"1"
"1";"54253";"1";"1"
"3";"54255";"4";"4"
"12";"54262";"4";"4"
"12";"54269";"4";"4"
"2";"54272";"1";"1"
"1";"54278";"1";"1"
"2";"54288";"4";"4"
"4";"54316";"4";"4"
"4";"54317";"4";"4"
"1";"54318";"4";"4"
"2";"54328";"4";"4"
"2";"54330";"4";"4"
"1";"54331";"1";"1"
"1";"54338";"1";"1"
"2";"54360";"4";"4"
"1";"54366";"4";"4"
"1";"54367";"1";"4"
"1";"54373";"1";"1"
"1";"54376";"1";"1"
"1";"54377";"4";"4"
"1";"54378";"1";"1"
"1";"54408";"1";"1"
"1";"54414";"4";"4"
"1";"54416";"1";"1"
"2";"54421";"4";"4"
"1";"54424";"1";"1"
"1";"54441";"1";"1"
"2";"54445";"4";"4"
"4";"54452";"4";"4"
"26";"54453";"4";"4"
"29";"54477";"4";"4"
"4";"54490";"4";"4"
"5";"54499";"4";"4"
"2";"54501";"4";"4"
"1";"54506";"1";"1"
"1";"54507";"1";"1"
"14";"54511";"4";"4"
"1";"54517";"1";"4"
"1";"54521";"1";"1"
"1";"54528";"1";"1"
"1";"54531";"4";"4"
"2";"54539";"4";"4"
"1";"54540";"4";"4"
"1";"54543";"4";"4"
"1";"54545";"4";"4"
"1";"54550";"1";"1"
"26";"54552";"4";"4"
"2";"54580";"4";"4"
"3";"54583";"4";"4"
"1";"54586";"1";"1"
"1";"54597";"1";"1"
"1";"54598";"1";"1"
"1";"54604";"1";"1"
"1";"54646";"4";"4"
"1";"54650";"1";"1"
"8";"54655";"4";"4"
"1";"54662";"1";"1"
"4";"54664";"4";"4"
"1";"54666";"1";"1"
"1";"54672";"4";"4"
"2";"54676";"4";"4"
"1";"54679";"1";"1"
"3";"54685";"4";"4"
"2";"54690";"4";"4"
"28";"54697";"4";"4"
"2";"54699";"4";"4"
"2";"54700";"4";"4"
"4";"54702";"4";"4"
"1";"54703";"4";"4"
"1";"54715";"1";"1"
"531";"54718";"4";"4"
"1";"54720";"1";"1"
"1";"54731";"1";"4"
"1";"54733";"1";"1"
"78";"54738";"4";"4"
"1";"54739";"1";"1"
"2";"54750";"4";"4"
"2";"54758";"1";"1"
"4";"54760";"4";"4"
"1";"54769";"1";"1"
"1";"54780";"1";"1"
"1";"54785";"1";"1"
"4";"54804";"4";"4"
"1";"54805";"1";"1"
"110";"54808";"4";"4"
"2";"54811";"4";"4"
"1";"54812";"1";"1"
"1";"54813";"4";"4"
"1";"54814";"1";"1"
"1";"54826";"1";"1"
"1";"54829";"1";"1"
"1";"54832";"1";"1"
"2";"54836";"4";"4"
"1";"54847";"4";"4"
"5";"54856";"4";"4"
"1";"54857";"1";"1"
"1";"54863";"4";"4"
"7";"54864";"4";"4"
"2";"54865";"4";"4"
"1";"54889";"1";"1"
"1";"54894";"4";"4"
"2";"54897";"4";"4"
"2";"54898";"4";"4"
"1";"54901";"4";"4"
"2";"54902";"1";"1"
"6";"54916";"4";"4"
"1";"54924";"4";"4"
"1";"54930";"1";"1"
"1";"54932";"4";"4"
"1";"54937";"4";"4"
"1";"54960";"1";"4"
"1";"54962";"4";"4"
"3";"54966";"1";"1"
"35";"54969";"4";"4"
"2";"54973";"4";"4"
"1";"54979";"4";"4"
"1";"54984";"1";"4"
"1";"54993";"4";"4"
"2";"54996";"1";"1"
"1";"55000";"4";"4"
"13";"55003";"4";"4"
"1";"55009";"4";"4"
"1";"55022";"1";"1"
"5";"55024";"4";"4"
"5";"55031";"4";"4"
"1";"55046";"4";"4"
"1";"55055";"1";"1"
"1";"55057";"4";"4"
"1";"55070";"4";"4"
"1";"55075";"4";"4"
"9";"55076";"4";"4"
"63";"55082";"4";"4"
"2";"55098";"4";"4"
"223";"55106";"4";"4"
"7";"55111";"4";"4"
"34";"55114";"4";"4"
"1";"55118";"1";"4"
"1";"55119";"1";"1"
"1";"55139";"4";"4"
"4";"55143";"1";"1"
"1";"55174";"4";"4"
"4";"55176";"4";"4"
"1";"55198";"4";"4"
"4";"55206";"4";"4"
"34";"55220";"4";"4"
"1";"55224";"4";"4"
"1";"55227";"1";"1"
"1";"55236";"1";"1"
"3";"55238";"4";"4"
"1";"55244";"1";"1"
"1";"55246";"1";"1"
"7";"55254";"1";"4"
"13";"55258";"4";"4"
"5";"55261";"4";"4"
"7";"55282";"4";"4"
"1";"55296";"1";"1"
"1";"55297";"1";"1"
"1";"55304";"1";"1"
"28";"55313";"4";"4"
"8";"55321";"4";"4"
"1";"55337";"1";"1"
"1";"55340";"1";"1"
"1";"55359";"1";"1"
"4";"55361";"1";"1"
"2";"55369";"4";"4"
"1";"55377";"4";"4"
"1";"55381";"1";"1"
"1";"55385";"1";"1"
"1";"55407";"1";"1"
"4";"55418";"4";"4"
"2";"55427";"4";"4"
"2";"55435";"4";"4"
"1";"55437";"1";"1"
"1";"55440";"4";"4"
"1";"55441";"1";"1"
"1";"55450";"1";"1"
"1";"55463";"1";"1"
"1";"55470";"1";"1"
"8";"55471";"4";"4"
"1";"55479";"1";"1"
"1";"55487";"1";"1"
"1";"55499";"1";"1"
"1";"55501";"4";"4"
"1";"55503";"1";"1"
"1";"55512";"1";"1"
"1";"55514";"1";"1"
"1";"55516";"1";"1"
"2";"55518";"4";"4"
"1";"55521";"1";"1"
"1";"55530";"1";"1"
"1";"55532";"1";"1"
"1";"55551";"1";"1"
"1";"55567";"1";"1"
"1";"55569";"4";"4"
"1";"55572";"1";"1"
"2";"55576";"1";"1"
"2";"55629";"4";"4"
"6";"55638";"4";"4"
"1";"55640";"1";"1"
"1";"55643";"1";"1"
"1";"55658";"1";"1"
"7";"55679";"4";"4"
"1";"55681";"1";"1"
"1";"55693";"1";"1"
"26";"55704";"4";"4"
"1";"55707";"1";"1"
"1";"55721";"1";"1"
"1";"55722";"1";"1"
"1";"55723";"1";"1"
"1";"55724";"4";"4"
"16";"55727";"4";"4"
"1";"55738";"1";"1"
"1";"55742";"1";"1"
"1";"55764";"4";"4"
"27";"55767";"4";"4"
"2";"55825";"1";"1"
"2";"55829";"1";"1"
"1";"55830";"1";"1"
"6";"55831";"4";"4"
"1";"55844";"1";"1"
"1";"55845";"1";"1"
"33";"55851";"4";"4"
"1";"55852";"1";"1"
"8";"55853";"4";"4"
"1";"55857";"1";"1"
"1";"55861";"4";"4"
"3";"55868";"1";"1"
"1";"55900";"4";"4"
"1";"55904";"1";"1"
"5";"55916";"4";"4"
"1";"55929";"1";"1"
"1";"55930";"1";"1"
"1";"55944";"1";"1"
"2";"55955";"4";"4"
"20";"55965";"4";"4"
"1";"55978";"1";"1"
"1";"55982";"1";"1"
"1";"55986";"1";"1"
"1";"55987";"1";"1"
"8";"55989";"4";"4"
"1";"55991";"1";"1"
"1";"56006";"1";"1"
"2";"56007";"1";"1"
"89";"56011";"4";"4"
"1";"56020";"1";"1"
"1";"56027";"1";"1"
"1";"56037";"1";"1"
"1";"56046";"1";"1"
"1";"56055";"1";"1"
"16";"56061";"4";"4"
"1";"56067";"1";"1"
"1";"56068";"4";"4"
"1";"56069";"4";"4"
"1";"56078";"1";"1"
"1";"56079";"1";"1"
"1";"56085";"4";"4"
"2";"56096";"4";"4"
"1";"56097";"1";"1"
"15";"56099";"4";"4"
"1";"56100";"1";"1"
"5";"56106";"1";"1"
"1";"56109";"1";"1"
"1";"56112";"1";"1"
"1";"56116";"4";"4"
"1";"56119";"4";"4"
"1";"56127";"4";"4"
"2";"56139";"1";"1"
"93";"56142";"4";"4"
"1";"56149";"4";"4"
"1";"56175";"1";"1"
"1";"56191";"1";"1"
"1";"56193";"1";"1"
"1";"56198";"1";"1"
"1";"56199";"1";"1"
"3";"56201";"1";"1"
"1";"56213";"1";"1"
"1";"56219";"4";"4"
"1";"56226";"1";"1"
"1";"56232";"4";"4"
"1";"56235";"1";"1"
"1";"56246";"1";"1"
"1";"56253";"1";"1"
"1";"56258";"1";"1"
"1";"56268";"1";"1"
"3";"56272";"4";"4"
"1";"56274";"1";"1"
"4";"56294";"4";"4"
"1";"56298";"1";"1"
"3";"56307";"4";"4"
"1";"56311";"1";"1"
"1";"56312";"1";"1"
"1";"56317";"1";"1"
"1";"56318";"1";"1"
"200";"56319";"4";"4"
"2";"56321";"1";"4"
"13";"56328";"4";"4"
"1";"56331";"1";"4"
"1";"56333";"1";"1"
"24";"56344";"4";"4"
"1";"56349";"1";"1"
"1";"56363";"1";"1"
"1";"56369";"1";"1"
"7";"56372";"4";"4"
"1";"56375";"1";"1"
"8";"56376";"4";"4"
"40";"56378";"4";"4"
"1";"56380";"1";"4"
"1";"56383";"1";"1"
"1";"56385";"1";"1"
"4";"56397";"4";"4"
"1";"56403";"4";"4"
"2";"56404";"1";"1"
"1";"56428";"1";"1"
"3";"56443";"1";"1"
"1";"56452";"1";"1"
"1";"56456";"4";"4"
"1";"56464";"4";"4"
"1";"56474";"1";"1"
"1";"56476";"1";"1"
"3";"56490";"4";"4"
"1";"56511";"4";"4"
"3";"56512";"1";"1"
"1";"56513";"1";"1"
"2";"56524";"1";"1"
"1";"56527";"1";"1"
"1";"56530";"4";"4"
"1";"56533";"1";"1"
"1";"56535";"1";"1"
"3";"56541";"4";"4"
"1";"56544";"1";"1"
"4";"56547";"4";"4"
"1";"56549";"1";"1"
"1";"56557";"4";"4"
"3";"56576";"1";"1"
"6";"56579";"4";"4"
"3";"56585";"4";"4"
"3";"56600";"4";"4"
"1";"56607";"1";"1"
"1";"56615";"4";"4"
"1";"56616";"1";"1"
"2";"56628";"1";"1"
"2";"56632";"4";"4"
"1";"56645";"1";"1"
"1";"56646";"1";"1"
"2";"56647";"1";"1"
"2";"56648";"1";"1"
"1";"56663";"1";"1"
"1";"56665";"1";"4"
"4";"56666";"4";"4"
"1";"56672";"1";"1"
"1";"56674";"1";"1"
"1";"56679";"1";"1"
"1";"56680";"1";"1"
"1";"56695";"1";"1"
"1";"56709";"1";"1"
"7";"56710";"4";"4"
"1";"56719";"1";"1"
"2";"56720";"4";"4"
"5";"56722";"1";"4"
"2";"56727";"1";"1"
"1";"56728";"4";"4"
"1";"56735";"1";"1"
"1";"56744";"4";"4"
"1";"56754";"1";"1"
"1";"56756";"1";"1"
"1";"56772";"4";"4"
"171";"56777";"4";"4"
"2";"56779";"1";"1"
"2";"56781";"1";"1"
"1";"56782";"1";"1"
"1";"56783";"4";"4"
"1";"56788";"1";"1"
"2";"56789";"4";"4"
"1";"56792";"4";"4"
"1";"56800";"4";"4"
"31";"56802";"4";"4"
"12";"56803";"4";"4"
"4";"56807";"1";"1"
"1";"56808";"1";"1"
"1";"56813";"1";"1"
"4";"56815";"4";"4"
"1";"56819";"4";"4"
"1";"56825";"1";"1"
"1";"56831";"1";"1"
"1";"56839";"1";"1"
"3";"56843";"4";"4"
"1";"56846";"1";"1"
"2";"56849";"4";"4"
"1";"56852";"1";"1"
"3";"56857";"4";"4"
"2";"56867";"4";"4"
"4";"56868";"4";"4"
"1";"56875";"1";"1"
"3";"56898";"4";"4"
"7";"56903";"4";"4"
"2";"56905";"4";"4"
"42";"56915";"4";"4"
"10";"56917";"4";"4"
"1";"56922";"1";"1"
"4";"56925";"4";"4"
"1";"56930";"1";"1"
"1";"56935";"1";"1"
"2";"56955";"4";"4"
"1";"56959";"1";"1"
"1";"56962";"1";"1"
"1";"56967";"1";"1"
"1";"56973";"1";"1"
"7";"56974";"4";"4"
"5";"56975";"1";"1"
"1";"56977";"1";"1"
"1";"56983";"4";"4"
"1";"56984";"1";"1"
"3";"56996";"4";"4"
"1";"57000";"4";"4"
"1";"57001";"1";"1"
"2";"57005";"1";"1"
"1";"57016";"1";"1"
"1";"57034";"1";"1"
"1";"57041";"1";"1"
"1";"57048";"4";"4"
"1";"57049";"4";"4"
"1";"57050";"1";"1"
"33";"57052";"4";"4"
"1";"57054";"1";"1"
"3";"57065";"1";"1"
"4";"57089";"4";"4"
"2";"57098";"4";"4"
"1";"57100";"1";"1"
"1";"57101";"1";"1"
"1";"57113";"4";"4"
"1";"57116";"1";"1"
"1";"57118";"1";"1"
"1";"57120";"1";"1"
"1";"57137";"1";"1"
"1";"57138";"1";"1"
"1";"57163";"1";"1"
"4";"57167";"4";"4"
"1";"57170";"4";"4"
"1";"57171";"1";"1"
"1";"57175";"1";"1"
"1";"57187";"1";"1"
"3";"57213";"1";"4"
"4";"57214";"1";"1"
"1";"57224";"1";"1"
"1";"57239";"1";"1"
"1";"57252";"1";"1"
"1";"57254";"1";"1"
"2";"57262";"1";"1"
"1";"57263";"1";"1"
"1";"57270";"4";"4"
"1";"57274";"1";"1"
"7";"57278";"1";"1"
"8";"57287";"4";"4"
"1";"57297";"4";"4"
"2";"57299";"4";"4"
"1";"57308";"1";"1"
"2";"57320";"4";"4"
"3";"57321";"1";"4"
"5";"57357";"4";"4"
"14";"57362";"4";"4"
"1";"57364";"1";"1"
"10";"57367";"4";"4"
"1";"57368";"1";"1"
"6";"57371";"4";"4"
"2";"57384";"4";"4"
"1";"57398";"1";"1"
"1";"57404";"4";"4"
"1";"57410";"1";"1"
"4";"57426";"4";"4"
"1";"57427";"4";"4"
"6";"57430";"4";"4"
"1";"57431";"1";"1"
"154";"57446";"4";"4"
"1";"57449";"1";"1"
"1";"57462";"1";"1"
"1";"57467";"4";"4"
"9";"57474";"4";"4"
"1";"57484";"1";"1"
"1";"57492";"4";"4"
"1";"57499";"4";"4"
"1";"57500";"1";"1"
"1";"57501";"1";"1"
"1";"57507";"1";"1"
"2";"57510";"4";"4"
"1";"57518";"1";"1"
"11";"57523";"4";"4"
"2";"57529";"1";"1"
"1";"57531";"1";"1"
"28";"57535";"4";"4"
"3";"57536";"4";"4"
"1";"57540";"1";"1"
"1";"57548";"4";"4"
"1";"57551";"1";"1"
"1";"57557";"1";"1"
"1";"57565";"4";"4"
"1";"57572";"1";"1"
"1";"57581";"4";"4"
"1";"57600";"4";"4"
"1";"57605";"1";"1"
"6";"57606";"4";"4"
"1";"57609";"1";"1"
"1";"57610";"4";"4"
"1";"57630";"1";"1"
"3";"57642";"1";"1"
"141";"57646";"4";"4"
"14";"57659";"4";"4"
"1";"57661";"4";"4"
"1";"57665";"1";"1"
"1";"57672";"1";"1"
"1";"57676";"1";"1"
"1";"57684";"4";"4"
"1";"57699";"1";"1"
"1";"57709";"1";"4"
"1";"57720";"4";"4"
"1";"57727";"1";"1"
"1";"57728";"4";"4"
"2";"57729";"4";"4"
"1";"57730";"1";"1"
"1";"57742";"1";"1"
"1";"57743";"4";"4"
"1";"57753";"1";"1"
"3";"57757";"4";"4"
"3";"57776";"4";"4"
"1";"57803";"1";"1"
"1";"57810";"1";"1"
"1";"57812";"1";"1"
"1";"57815";"1";"1"
"1";"57817";"1";"1"
"1";"57819";"1";"1"
"1";"57821";"1";"1"
"1";"57839";"1";"1"
"1";"57851";"1";"1"
"5";"57853";"4";"4"
"1";"57856";"1";"1"
"4";"57862";"4";"4"
"2";"57865";"1";"1"
"1";"57871";"1";"1"
"1";"57873";"1";"1"
"5";"57875";"4";"4"
"1";"57883";"4";"4"
"1";"57894";"1";"1"
"1";"57898";"1";"1"
"1";"57900";"1";"1"
"1";"57904";"1";"1"
"4";"57905";"1";"1"
"3";"57909";"4";"4"
"1";"57917";"1";"1"
"3";"57927";"4";"4"
"1";"57935";"1";"1"
"6";"57940";"4";"4"
"1";"57949";"4";"4"
"1";"57952";"1";"1"
"2";"57961";"1";"1"
"1";"57963";"1";"1"
"1";"57973";"1";"1"
"1";"57977";"1";"1"
"1";"57987";"4";"4"
"1";"57998";"1";"1"
"1";"57999";"4";"4"
"1";"58005";"1";"1"
"1";"58015";"1";"1"
"1";"58018";"4";"4"
"1";"58019";"4";"4"
"6";"58022";"4";"4"
"1";"58025";"1";"1"
"1";"58027";"1";"1"
"1";"58034";"1";"1"
"1";"58036";"1";"1"
"1";"58052";"1";"1"
"1";"58054";"4";"4"
"1";"58058";"1";"4"
"2";"58059";"1";"1"
"1";"58073";"4";"4"
"1";"58074";"1";"1"
"2";"58075";"1";"1"
"1";"58078";"4";"4"
"1";"58085";"1";"1"
"1";"58088";"1";"1"
"3";"58097";"4";"4"
"1";"58100";"1";"1"
"1";"58102";"1";"1"
"1";"58103";"1";"1"
"3";"58109";"4";"4"
"49";"58110";"4";"4"
"4";"58123";"1";"1"
"29";"58126";"4";"4"
"1";"58130";"1";"4"
"1";"58132";"1";"1"
"2";"58138";"4";"4"
"1";"58144";"1";"1"
"1";"58153";"1";"1"
"2";"58155";"4";"4"
"3";"58163";"4";"4"
"1";"58165";"1";"4"
"1";"58167";"1";"1"
"1";"58178";"1";"1"
"2";"58198";"4";"4"
"1";"58201";"1";"1"
"1";"58204";"4";"4"
"1";"58205";"4";"4"
"1";"58217";"1";"1"
"1";"58225";"1";"1"
"1";"58234";"4";"4"
"4";"58246";"4";"4"
"1";"58251";"1";"1"
"1";"58253";"1";"1"
"4";"58259";"4";"4"
"1";"58262";"4";"4"
"1";"58279";"1";"4"
"1";"58299";"1";"1"
"3";"58305";"1";"1"
"13";"58322";"4";"4"
"1";"58343";"1";"1"
"1";"58347";"1";"1"
"1";"58358";"1";"1"
"2";"58373";"4";"4"
"2";"58379";"4";"4"
"1";"58381";"4";"4"
"1";"58396";"1";"1"
"1";"58410";"1";"1"
"1";"58419";"1";"1"
"3";"58428";"1";"1"
"1";"58443";"1";"1"
"1";"58449";"1";"1"
"1";"58454";"1";"1"
"1";"58456";"4";"4"
"1";"58459";"1";"1"
"1";"58462";"1";"1"
"1";"58487";"1";"1"
"33";"58500";"4";"4"
"1";"58522";"1";"1"
"7";"58526";"4";"4"
"1";"58539";"1";"1"
"1";"58547";"1";"1"
"150";"58549";"4";"4"
"15";"58551";"4";"4"
"1";"58562";"1";"1"
"1";"58568";"1";"1"
"47";"58580";"4";"4"
"12";"58592";"4";"4"
"4";"58596";"4";"4"
"1";"58603";"1";"1"
"1";"58605";"4";"4"
"1";"58610";"1";"1"
"1";"58615";"1";"1"
"1";"58618";"4";"4"
"1";"58626";"4";"4"
"1";"58627";"4";"4"
"1";"58641";"1";"1"
"2";"58645";"4";"4"
"1";"58655";"4";"4"
"1";"58657";"1";"1"
"4";"58661";"4";"4"
"5";"58670";"4";"4"
"2";"58681";"4";"4"
"1";"58685";"1";"1"
"1";"58691";"1";"1"
"25";"58695";"4";"4"
"1";"58713";"4";"4"
"1";"58726";"1";"1"
"6";"58729";"4";"4"
"1";"58738";"1";"1"
"1";"58741";"4";"4"
"1";"58754";"1";"1"
"1";"58763";"1";"1"
"2";"58773";"4";"4"
"1";"58777";"1";"1"
"1";"58789";"1";"1"
"2";"58793";"4";"4"
"1";"58796";"1";"1"
"3";"58809";"1";"1"
"2";"58812";"1";"1"
"1";"58827";"1";"1"
"4";"58848";"4";"4"
"3";"58852";"4";"4"
"1";"58860";"4";"4"
"2";"58864";"4";"4"
"1";"58876";"1";"1"
"1";"58878";"4";"4"
"1";"58886";"1";"1"
"1";"58892";"1";"1"
"1";"58896";"1";"1"
"87";"58903";"4";"4"
"1";"58910";"1";"1"
"2";"58914";"1";"1"
"2";"58917";"4";"4"
"1";"58922";"1";"1"
"1";"58924";"1";"1"
"3";"58925";"4";"4"
"2";"58932";"4";"4"
"1";"58935";"1";"1"
"1";"58957";"1";"1"
"1";"58962";"1";"1"
"1";"58963";"4";"4"
"1";"58965";"1";"1"
"2";"58969";"1";"1"
"5";"58970";"4";"4"
"1";"58980";"1";"1"
"2";"58982";"4";"4"
"1";"58999";"1";"1"
"1";"59007";"1";"1"
"1";"59018";"1";"1"
"1";"59026";"1";"1"
"1";"59030";"1";"1"
"119";"59034";"4";"4"
"1";"59037";"1";"1"
"3";"59040";"4";"4"
"1";"59057";"4";"4"
"1";"59059";"1";"1"
"2";"59074";"4";"4"
"3";"59082";"1";"1"
"1";"59083";"1";"1"
"1";"59096";"1";"1"
"3";"59099";"1";"1"
"1";"59102";"1";"1"
"1";"59123";"1";"1"
"1";"59126";"4";"4"
"2";"59131";"4";"4"
"2";"59145";"4";"4"
"2";"59161";"1";"1"
"1";"59164";"4";"4"
"1";"59175";"4";"4"
"1";"59181";"1";"1"
"1";"59193";"4";"4"
"1";"59194";"1";"1"
"41";"59197";"4";"4"
"1";"59203";"1";"1"
"9";"59226";"4";"4"
"10";"59230";"4";"4"
"1";"59240";"1";"1"
"13";"59242";"4";"4"
"10";"59244";"4";"4"
"1";"59250";"1";"1"
"1";"59263";"4";"4"
"11";"59291";"4";"4"
"1";"59302";"1";"1"
"5";"59303";"1";"1"
"1";"59328";"4";"4"
"1";"59333";"4";"4"
"3";"59335";"4";"4"
"4";"59345";"4";"4"
"2";"59348";"1";"4"
"1";"59362";"1";"1"
"1";"59366";"1";"1"
"1";"59368";"1";"1"
"2";"59369";"1";"1"
"1";"59370";"4";"4"
"26";"59377";"4";"4"
"3";"59384";"4";"4"
"1";"59393";"1";"4"
"6";"59407";"4";"4"
"1";"59415";"1";"1"
"1";"59435";"1";"1"
"1";"59438";"1";"1"
"1";"59441";"4";"4"
"2";"59442";"1";"1"
"33";"59443";"4";"4"
"8";"59455";"4";"4"
"2";"59457";"1";"1"
"1";"59464";"1";"1"
"76";"59471";"4";"4"
"2";"59474";"1";"1"
"1";"59478";"1";"1"
"1";"59493";"4";"4"
"39";"59504";"4";"4"
"3";"59522";"4";"4"
"1";"59526";"1";"1"
"3";"59541";"1";"1"
"3";"59547";"1";"1"
"2";"59570";"4";"4"
"1";"59571";"1";"4"
"2";"59586";"1";"1"
"1";"59587";"1";"1"
"1";"59599";"1";"1"
"1";"59601";"1";"1"
"8";"59602";"4";"4"
"1";"59606";"1";"1"
"1";"59613";"1";"1"
"1";"59616";"1";"1"
"1";"59627";"4";"4"
"1";"59628";"1";"1"
"7";"59630";"4";"4"
"1";"59633";"1";"1"
"1";"59647";"4";"4"
"1";"59648";"1";"1"
"1";"59649";"1";"1"
"1";"59656";"1";"1"
"2";"59657";"1";"1"
"1";"59667";"1";"1"
"1";"59671";"1";"1"
"1";"59674";"1";"1"
"1";"59682";"4";"4"
"1";"59699";"1";"1"
"2";"59703";"1";"1"
"1";"59716";"4";"4"
"1";"59736";"1";"1"
"1";"59737";"1";"1"
"1";"59739";"1";"4"
"1";"59742";"1";"1"
"1";"59768";"1";"1"
"1";"59775";"1";"1"
"126";"59784";"4";"4"
"2";"59804";"1";"1"
"1";"59808";"1";"1"
"1";"59823";"1";"1"
"10";"59824";"4";"4"
"1";"59830";"4";"4"
"1";"59836";"1";"1"
"3";"59850";"1";"1"
"3";"59856";"4";"4"
"1";"59859";"1";"1"
"2";"59861";"4";"4"
"4";"59877";"4";"4"
"11";"59882";"4";"4"
"1";"59883";"1";"1"
"6";"59890";"4";"4"
"1";"59891";"4";"4"
"1";"59909";"1";"1"
"4";"59917";"1";"1"
"2";"59919";"4";"4"
"1";"59934";"1";"1"
"1";"59939";"1";"1"
"1";"59951";"1";"1"
"1";"59955";"1";"1"
"1";"59958";"4";"4"
"1";"59962";"1";"1"
"7";"59965";"4";"4"
"1";"59973";"4";"4"
"2";"59975";"1";"1"
"1";"59984";"1";"1"
"1";"59989";"1";"1"
"5";"59998";"4";"4"
"1";"60008";"1";"1"
"1";"60015";"1";"1"
"1";"60027";"4";"4"
"1";"60028";"1";"1"
"22";"60035";"4";"4"
"3";"60038";"1";"4"
"1";"60047";"1";"1"
"1";"60051";"1";"1"
"1";"60064";"4";"4"
"1";"60080";"1";"1"
"6";"60082";"1";"1"
"2";"60090";"4";"4"
"3";"60097";"1";"1"
"1";"60100";"1";"1"
"2";"60101";"4";"4"
"7";"60104";"4";"4"
"1";"60122";"1";"1"
"1";"60127";"1";"1"
"1";"60141";"1";"4"
"4";"60142";"4";"4"
"2";"60150";"1";"1"
"1";"60151";"1";"1"
"10";"60155";"4";"4"
"1";"60158";"1";"1"
"1";"60161";"1";"1"
"1";"60166";"1";"1"
"1";"60176";"1";"1"
"1";"60184";"1";"1"
"4";"60185";"4";"4"
"1";"60223";"1";"1"
"7";"60246";"4";"4"
"1";"60258";"1";"1"
"1";"60262";"1";"1"
"1";"60263";"1";"1"
"1";"60275";"1";"1"
"2";"60278";"4";"4"
"1";"60280";"1";"1"
"1";"60285";"1";"1"
"1";"60293";"1";"1"
"2";"60303";"1";"1"
"1";"60307";"1";"1"
"6";"60313";"1";"1"
"1";"60334";"1";"1"
"1";"60352";"1";"1"
"71";"60359";"4";"4"
"1";"60363";"1";"1"
"1";"60368";"1";"1"
"3";"60376";"1";"1"
"1";"60378";"1";"1"
"3";"60389";"4";"4"
"1";"60399";"1";"1"
"1";"60406";"1";"1"
"15";"60410";"4";"4"
"1";"60413";"1";"1"
"1";"60416";"1";"1"
"1";"60417";"1";"1"
"1";"60425";"1";"1"
"1";"60426";"4";"4"
"1";"60436";"1";"1"
"8";"60438";"4";"4"
"2";"60450";"4";"4"
"5";"60453";"4";"4"
"1";"60459";"1";"1"
"1";"60462";"1";"1"
"1";"60468";"1";"1"
"1";"60500";"1";"1"
"1";"60509";"1";"1"
"2";"60512";"4";"4"
"1";"60536";"4";"4"
"1";"60539";"1";"1"
"1";"60550";"1";"1"
"2";"60554";"1";"1"
"1";"60570";"1";"1"
"3";"60574";"1";"4"
"1";"60588";"1";"1"
"2";"60589";"1";"1"
"1";"60598";"1";"1"
"1";"60623";"1";"4"
"3";"60625";"4";"4"
"2";"60641";"4";"4"
"2";"60644";"4";"4"
"1";"60663";"4";"4"
"1";"60676";"1";"1"
"1";"60682";"1";"1"
"1";"60683";"4";"4"
"1";"60693";"1";"1"
"1";"60698";"1";"1"
"3";"60700";"1";"1"
"1";"60702";"4";"4"
"1";"60721";"1";"1"
"1";"60725";"1";"1"
"1";"60733";"1";"1"
"1";"60737";"1";"1"
"31";"60752";"4";"4"
"1";"60759";"4";"4"
"2";"60770";"4";"4"
"2";"60792";"1";"1"
"1";"60793";"1";"1"
"1";"60807";"1";"1"
"1";"60808";"1";"1"
"1";"60818";"1";"1"
"263";"60826";"4";"4"
"9";"60827";"4";"4"
"1";"60829";"1";"1"
"1";"60830";"1";"1"
"1";"60838";"1";"1"
"2";"60843";"1";"1"
"2";"60869";"4";"4"
"1";"60896";"1";"4"
"1";"60898";"4";"4"
"5";"60905";"4";"4"
"1";"60930";"1";"1"
"1";"60937";"1";"1"
"1";"60947";"1";"4"
"1";"60948";"1";"1"
"2";"60952";"1";"1"
"1";"60964";"1";"1"
"1";"60966";"1";"1"
"1";"60973";"1";"1"
"1";"60979";"1";"1"
"1";"60983";"1";"1"
"2";"60998";"1";"1"
"2";"61011";"1";"1"
"1";"61022";"1";"1"
"1";"61023";"1";"1"
"1";"61036";"4";"4"
"3";"61046";"1";"1"
"2";"61057";"1";"1"
"1";"61064";"4";"4"
"1";"61066";"1";"1"
"1";"61068";"1";"1"
"1";"61079";"1";"1"
"3";"61083";"1";"4"
"1";"61097";"1";"1"
"1";"61099";"1";"1"
"1";"61101";"1";"1"
"1";"61107";"1";"1"
"2";"61108";"4";"4"
"1";"61110";"1";"1"
"2";"61122";"1";"1"
"1";"61124";"1";"1"
"1";"61125";"1";"1"
"1";"61133";"1";"1"
"3";"61142";"4";"4"
"21";"61148";"4";"4"
"1";"61150";"1";"1"
"1";"61173";"1";"1"
"3";"61177";"1";"1"
"1";"61190";"1";"1"
"1";"61196";"1";"1"
"1";"61199";"1";"1"
"8";"61201";"4";"4"
"1";"61206";"1";"1"
"5";"61211";"1";"1"
"1";"61214";"1";"1"
"3";"61216";"1";"1"
"1";"61220";"1";"1"
"1";"61223";"1";"1"
"1";"61226";"1";"1"
"1";"61229";"4";"4"
"8";"61235";"4";"4"
"1";"61237";"1";"1"
"6";"61272";"4";"4"
"1";"61287";"4";"4"
"1";"61290";"1";"1"
"1";"61294";"1";"1"
"1";"61295";"1";"1"
"1";"61299";"1";"1"
"1";"61306";"4";"4"
"1";"61309";"1";"1"
"3";"61315";"4";"4"
"1";"61317";"1";"4"
"1";"61334";"1";"1"
"1";"61336";"1";"1"
"5";"61339";"4";"4"
"1";"61349";"1";"1"
"2";"61352";"4";"4"
"2";"61358";"1";"1"
"1";"61360";"1";"1"
"1";"61363";"1";"1"
"1";"61364";"1";"1"
"1";"61372";"1";"1"
"6";"61375";"4";"4"
"1";"61377";"1";"1"
"1";"61378";"1";"1"
"2";"61386";"4";"4"
"1";"61400";"1";"1"
"1";"61402";"1";"1"
"1";"61405";"1";"1"
"2";"61407";"1";"4"
"1";"61408";"1";"1"
"1";"61411";"1";"1"
"1";"61416";"1";"1"
"1";"61424";"1";"1"
"1";"61439";"1";"1"
"1";"61441";"1";"1"
"2";"61457";"1";"1"
"3";"61460";"1";"1"
"1";"61466";"1";"1"
"2";"61470";"4";"4"
"1";"61483";"1";"1"
"3";"61488";"4";"4"
"1";"61490";"1";"1"
"2";"61492";"1";"1"
"1";"61501";"1";"1"
"1";"61502";"1";"1"
"2";"61505";"4";"4"
"4";"61516";"4";"4"
"23";"61527";"4";"4"
"8";"61543";"4";"4"
"1";"61564";"1";"1"
"1";"61584";"1";"1"
"1";"61586";"1";"1"
"2";"61587";"4";"4"
"2";"61602";"1";"1"
"1";"61608";"1";"1"
"32";"61625";"4";"4"
"1";"61626";"1";"1"
"2";"61628";"4";"4"
"1";"61631";"1";"1"
"1";"61644";"1";"1"
"1";"61648";"1";"1"
"7";"61668";"4";"4"
"1";"61675";"1";"1"
"82";"61685";"4";"4"
"1";"61687";"1";"1"
"4";"61689";"1";"1"
"2";"61705";"1";"1"
"2";"61714";"1";"1"
"1";"61716";"1";"1"
"1";"61720";"1";"1"
"13";"61733";"4";"4"
"1";"61737";"4";"4"
"2";"61738";"4";"4"
"1";"61746";"1";"1"
"1";"61749";"1";"1"
"1";"61750";"1";"1"
"11";"61755";"4";"4"
"2";"61763";"1";"1"
"1";"61772";"1";"1"
"1";"61777";"1";"1"
"1";"61786";"1";"4"
"2";"61788";"4";"4"
"11";"61803";"4";"4"
"2";"61831";"4";"4"
"1";"61842";"1";"1"
"1";"61863";"1";"1"
"1";"61865";"1";"1"
"3";"61876";"4";"4"
"1";"61885";"1";"1"
"1";"61906";"1";"1"
"1";"61911";"1";"1"
"1";"61920";"1";"1"
"2";"61921";"1";"1"
"1";"61923";"1";"1"
"10";"61930";"4";"4"
"1";"61967";"1";"1"
"19";"61970";"4";"4"
"1";"61974";"1";"1"
"1";"61988";"1";"1"
"4";"61990";"4";"4"
"2";"61993";"1";"1"
"2";"62001";"1";"1"
"1";"62009";"1";"1"
"1";"62010";"1";"1"
"8";"62016";"4";"4"
"1";"62017";"1";"1"
"1";"62019";"4";"4"
"1";"62023";"4";"4"
"1";"62029";"1";"1"
"2";"62045";"1";"1"
"8";"62063";"4";"4"
"1";"62074";"1";"1"
"4";"62083";"1";"1"
"15";"62088";"4";"4"
"1";"62099";"1";"1"
"3";"62105";"4";"4"
"1";"62112";"1";"1"
"7";"62115";"4";"4"
"1";"62116";"4";"4"
"1";"62121";"1";"1"
"1";"62128";"1";"1"
"1";"62136";"1";"1"
"1";"62137";"4";"4"
"1";"62153";"1";"1"
"1";"62158";"1";"1"
"1";"62161";"1";"1"
"1";"62162";"1";"1"
"1";"62171";"1";"1"
"1";"62192";"4";"4"
"1";"62212";"1";"1"
"2";"62221";"4";"4"
"1";"62224";"1";"1"
"1";"62229";"1";"1"
"4";"62234";"1";"1"
"1";"62238";"1";"1"
"1";"62240";"1";"1"
"1";"62247";"4";"4"
"1";"62250";"1";"1"
"1";"62259";"1";"1"
"1";"62264";"1";"1"
"1";"62265";"1";"1"
"1";"62273";"1";"1"
"5";"62305";"4";"4"
"5";"62315";"4";"4"
"1";"62330";"1";"1"
"1";"62379";"1";"1"
"1";"62394";"1";"1"
"1";"62400";"1";"1"
"1";"62401";"4";"4"
"1";"62404";"1";"1"
"1";"62446";"1";"1"
"1";"62453";"1";"1"
"1";"62458";"1";"1"
"1";"62460";"1";"1"
"1";"62469";"1";"1"
"5";"62485";"1";"1"
"1";"62489";"1";"1"
"1";"62490";"1";"1"
"1";"62504";"1";"1"
"1";"62505";"1";"1"
"1";"62506";"1";"1"
"6";"62515";"1";"1"
"1";"62533";"1";"4"
"1";"62539";"1";"1"
"4";"62542";"1";"1"
"1";"62574";"1";"1"
"94";"62577";"4";"4"
"1";"62588";"1";"1"
"1";"62591";"1";"1"
"1";"62592";"4";"4"
"1";"62624";"1";"1"
"9";"62665";"4";"4"
"3";"62675";"4";"4"
"1";"62719";"1";"4"
"1";"62726";"1";"1"
"1";"62744";"4";"4"
"2";"62746";"1";"1"
"2";"62764";"4";"4"
"1";"62771";"1";"1"
"1";"62773";"1";"1"
"1";"62786";"1";"1"
"7";"62789";"4";"4"
"2";"62793";"1";"1"
"1";"62800";"1";"1"
"1";"62802";"1";"1"
"1";"62806";"1";"1"
"2";"62822";"1";"1"
"1";"62823";"1";"1"
"4";"62824";"4";"4"
"1";"62832";"1";"1"
"1";"62837";"4";"4"
"1";"62843";"1";"1"
"2";"62847";"4";"4"
"1";"62856";"1";"1"
"1";"62859";"1";"1"
"1";"62861";"1";"1"
"6";"62875";"4";"4"
"1";"62882";"4";"4"
"1";"62885";"1";"1"
"1";"62901";"1";"1"
"1";"62905";"1";"1"
"1";"62918";"4";"4"
"1";"62919";"1";"1"
"1";"62940";"1";"1"
"1";"62957";"1";"1"
"1";"62958";"1";"1"
"1";"62960";"1";"1"
"1";"62969";"1";"1"
"2";"62982";"1";"1"
"1";"62997";"1";"1"
"1";"63000";"4";"4"
"1";"63001";"1";"1"
"1";"63007";"1";"1"
"1";"63026";"4";"4"
"1";"63043";"1";"1"
"1";"63049";"1";"1"
"1";"63052";"1";"1"
"1";"63058";"1";"1"
"1";"63061";"1";"1"
"1";"63067";"1";"1"
"1";"63071";"1";"1"
"1";"63074";"1";"1"
"1";"63082";"4";"4"
"3";"63106";"1";"1"
"2";"63127";"1";"1"
"1";"63134";"1";"4"
"1";"63140";"1";"4"
"3";"63142";"1";"1"
"1";"63153";"1";"1"
"1";"63155";"1";"1"
"1";"63158";"1";"1"
"1";"63166";"1";"1"
"1";"63181";"1";"1"
"1";"63184";"1";"1"
"1";"63186";"1";"1"
"2";"63203";"1";"1"
"1";"63207";"4";"4"
"1";"63211";"1";"1"
"1";"63214";"4";"4"
"1";"63218";"1";"1"
"2";"63222";"1";"1"
"11";"63225";"4";"4"
"2";"63227";"1";"1"
"1";"63228";"1";"1"
"1";"63231";"1";"1"
"1";"63241";"1";"1"
"1";"63248";"1";"1"
"1";"63249";"1";"1"
"1";"63257";"1";"1"
"2";"63259";"1";"1"
"8";"63260";"4";"4"
"1";"63261";"1";"1"
"1";"63262";"4";"4"
"1";"63265";"4";"4"
"6";"63271";"4";"4"
"5";"63280";"4";"4"
"1";"63282";"4";"4"
"1";"63288";"1";"1"
"1";"63315";"1";"1"
"1";"63320";"1";"1"
"1";"63322";"1";"1"
"1";"63324";"1";"1"
"1";"63325";"1";"1"
"1";"63332";"1";"4"
"1";"63339";"1";"1"
"1";"63345";"1";"1"
"1";"63352";"1";"1"
"3";"63362";"1";"4"
"5";"63380";"4";"4"
"1";"63398";"1";"1"
"2";"63402";"4";"4"
"1";"63403";"1";"1"
"5";"63410";"4";"4"
"1";"63430";"1";"1"
"1";"63434";"4";"4"
"2";"63437";"1";"1"
"1";"63440";"1";"1"
"22";"63441";"4";"4"
"1";"63444";"1";"1"
"1";"63446";"1";"1"
"1";"63450";"1";"1"
"5";"63451";"4";"4"
"7";"63471";"1";"1"
"1";"63478";"1";"1"
"1";"63488";"4";"4"
"1";"63489";"1";"1"
"1";"63496";"1";"1"
"4";"63501";"1";"1"
"3";"63506";"4";"4"
"3";"63507";"4";"4"
"5";"63512";"4";"4"
"1";"63514";"1";"1"
"2";"63515";"1";"1"
"1";"63517";"1";"1"
"1";"63520";"1";"1"
"1";"63521";"1";"1"
"1";"63528";"1";"1"
"1";"63530";"4";"4"
"1";"63536";"1";"1"
"1";"63560";"1";"1"
"17";"63571";"4";"4"
"1";"63586";"1";"1"
"1";"63590";"1";"1"
"3";"63608";"4";"4"
"7";"63612";"4";"4"
"1";"63651";"1";"1"
"1";"63664";"1";"1"
"2";"63687";"4";"4"
"1";"63701";"1";"1"
"5";"63721";"4";"4"
"2";"63722";"1";"1"
"1";"63731";"1";"1"
"1";"63735";"1";"1"
"1";"63740";"1";"1"
"3";"63741";"1";"1"
"1";"63750";"1";"1"
"1";"63751";"4";"4"
"1";"63758";"1";"1"
"10";"63760";"4";"4"
"1";"63763";"1";"1"
"2";"63764";"4";"4"
"1";"63769";"4";"4"
"1";"63777";"1";"1"
"1";"63796";"4";"4"
"1";"63802";"4";"4"
"1";"63805";"1";"4"
"3";"63811";"4";"4"
"1";"63813";"4";"4"
"3";"63814";"1";"1"
"4";"63815";"1";"1"
"1";"63816";"1";"1"
"1";"63821";"1";"1"
"11";"63824";"4";"4"
"1";"63826";"1";"1"
"1";"63855";"1";"1"
"1";"63860";"1";"1"
"2";"63863";"4";"4"
"1";"63873";"1";"1"
"1";"63874";"1";"1"
"1";"63909";"1";"1"
"1";"63912";"1";"1"
"1";"63915";"1";"1"
"1";"63925";"1";"1"
"3";"63945";"1";"4"
"1";"63946";"1";"1"
"1";"63949";"1";"1"
"2";"63953";"1";"1"
"2";"63964";"4";"4"
"4";"63965";"4";"4"
"1";"63996";"1";"1"
"1";"64006";"1";"1"
"13";"64007";"4";"4"
"1";"64019";"1";"1"
"1";"64032";"1";"1"
"1";"64041";"4";"4"
"1";"64048";"1";"1"
"1";"64054";"1";"1"
"3";"64063";"4";"4"
"2";"64065";"1";"1"
"1";"64085";"4";"4"
"1";"64099";"1";"1"
"1";"64100";"1";"1"
"1";"64108";"1";"1"
"1";"64110";"1";"1"
"1";"64114";"1";"1"
"1";"64116";"4";"4"
"1";"64152";"1";"1"
"1";"64162";"1";"1"
"4";"64199";"1";"1"
"2";"64200";"1";"1"
"1";"64216";"1";"1"
"1";"64217";"1";"1"
"1";"64218";"1";"1"
"1";"64237";"4";"4"
"1";"64243";"1";"1"
"1";"64257";"1";"1"
"2";"64259";"1";"1"
"2";"64265";"1";"1"
"1";"64295";"1";"1"
"1";"64297";"1";"1"
"2";"64300";"1";"1"
"4";"64301";"1";"1"
"1";"64309";"1";"1"
"1";"64319";"1";"1"
"1";"64325";"1";"1"
"1";"64329";"1";"1"
"1";"64359";"1";"1"
"1";"64378";"1";"4"
"1";"64383";"1";"1"
"2";"64385";"1";"1"
"1";"64393";"1";"1"
"1";"64395";"1";"1"
"1";"64407";"1";"1"
"1";"64412";"4";"4"
"1";"64413";"1";"1"
"1";"64469";"1";"1"
"11";"64494";"4";"4"
"1";"64502";"1";"1"
"1";"64506";"1";"1"
"1";"64507";"1";"1"
"1";"64527";"1";"1"
"1";"64538";"1";"1"
"1";"64563";"1";"1"
"3";"64566";"1";"1"
"1";"64588";"1";"1"
"3";"64593";"1";"1"
"6";"64604";"4";"4"
"1";"64608";"4";"4"
"3";"64615";"4";"4"
"4";"64625";"4";"4"
"1";"64651";"1";"1"
"1";"64655";"1";"1"
"1";"64659";"1";"1"
"1";"64660";"1";"1"
"1";"64671";"1";"1"
"1";"64673";"4";"4"
"1";"64683";"1";"1"
"26";"64695";"4";"4"
"1";"64715";"1";"1"
"1";"64716";"1";"1"
"1";"64722";"1";"1"
"1";"64747";"1";"1"
"1";"64749";"1";"1"
"2";"64753";"4";"4"
"2";"64756";"4";"4"
"1";"64757";"1";"1"
"1";"64765";"1";"1"
"1";"64803";"1";"1"
"3";"64810";"1";"1"
"1";"64827";"1";"1"
"1";"64837";"1";"1"
"1";"64838";"4";"4"
"1";"64841";"1";"1"
"18";"64860";"4";"4"
"1";"64889";"4";"4"
"5";"64893";"1";"1"
"3";"64901";"4";"4"
"1";"64905";"1";"1"
"5";"64912";"4";"4"
"1";"64917";"1";"1"
"5";"64918";"4";"4"
"1";"64923";"1";"1"
"2";"64932";"1";"1"
"2";"64946";"1";"1"
"1";"64954";"1";"1"
"1";"64965";"1";"1"
"1";"64968";"1";"1"
"1";"64977";"1";"1"
"1";"64985";"1";"1"
"1";"64989";"1";"1"
"2";"65034";"1";"1"
"1";"65037";"1";"1"
"5";"65042";"4";"4"
"4";"65055";"1";"1"
"2";"65064";"4";"4"
"1";"65068";"1";"1"
"1";"65079";"4";"4"
"273";"65088";"4";"4"
"1";"65092";"1";"1"
"3";"65100";"4";"4"
"1";"65109";"4";"4"
"1";"65111";"1";"1"
"2";"65113";"1";"1"
"1";"65119";"1";"1"
"1";"65146";"1";"1"
"1";"65161";"1";"1"
"1";"65164";"1";"4"
"3";"65184";"1";"1"
"16";"65197";"4";"4"
"3";"65202";"4";"4"
"1";"65203";"1";"1"
"1";"65204";"1";"1"
"2";"65212";"1";"1"
"1";"65256";"1";"1"
"1";"65270";"1";"1"
"1";"65275";"1";"1"
"11";"65279";"4";"4"
"2";"65285";"1";"1"
"1";"65291";"1";"1"
"2";"65292";"4";"4"
"1";"65300";"1";"1"
"2";"65310";"1";"1"
"8";"65320";"4";"4"
"1";"65338";"1";"1"
"1";"65346";"1";"4"
"1";"65350";"1";"1"
"1";"65360";"1";"1"
"1";"65367";"4";"4"
"1";"65371";"1";"1"
"2";"65373";"1";"1"
"2";"65384";"4";"4"
"1";"65399";"1";"1"
"5";"65404";"1";"1"
"1";"65406";"1";"1"
"1";"65409";"1";"1"
"2";"65413";"4";"4"
"2";"65416";"1";"1"
"1";"65419";"1";"1"
"18";"65421";"4";"4"
"1";"65430";"1";"1"
"2";"65432";"1";"1"
"1";"65433";"1";"1"
"3";"65453";"4";"4"
"2";"65454";"1";"1"
"1";"65456";"1";"1"
"14";"65468";"4";"4"
"12";"65475";"4";"4"
"1";"65479";"1";"1"
"2";"65483";"1";"1"
"1";"65499";"1";"1"
"1";"65512";"1";"1"
"2";"65514";"1";"1"
"1";"65517";"1";"1"
"1";"65519";"1";"1"
"1";"65524";"1";"4"
"1";"65533";"1";"1"
"1";"65536";"1";"1"
"1";"65547";"1";"1"
"1";"65548";"1";"1"
"1";"65563";"1";"1"
"3";"65568";"4";"4"
"1";"65583";"1";"1"
"1";"65584";"1";"1"
"1";"65589";"1";"1"
"1";"65590";"1";"1"
"1";"65596";"1";"1"
"1";"65604";"1";"1"
"1";"65617";"1";"1"
"1";"65619";"1";"1"
"1";"65621";"1";"1"
"1";"65622";"1";"1"
"1";"65631";"1";"1"
"1";"65637";"1";"1"
"1";"65642";"1";"1"
"2";"65645";"4";"4"
"2";"65649";"4";"4"
"18";"65650";"4";"4"
"1";"65653";"1";"1"
"1";"65658";"4";"4"
"1";"65659";"1";"1"
"1";"65664";"1";"1"
"1";"65665";"1";"1"
"3";"65676";"1";"1"
"1";"65681";"1";"1"
"1";"65687";"1";"1"
"4";"65699";"1";"1"
"2";"65702";"1";"1"
"1";"65705";"1";"1"
"1";"65721";"1";"1"
"1";"65729";"1";"1"
"1";"65740";"1";"4"
"2";"65744";"1";"1"
"1";"65778";"1";"1"
"1";"65784";"1";"1"
"6";"65789";"4";"4"
"1";"65793";"1";"1"
"1";"65799";"1";"1"
"1";"65804";"1";"1"
"1";"65809";"1";"1"
"1";"65813";"1";"1"
"1";"65817";"1";"1"
"2";"65828";"1";"4"
"1";"65834";"1";"1"
"2";"65835";"1";"1"
"1";"65836";"1";"1"
"1";"65837";"4";"4"
"1";"65845";"1";"1"
"5";"65853";"1";"1"
"3";"65857";"4";"4"
"1";"65867";"1";"1"
"1";"65872";"1";"1"
"19";"65873";"4";"4"
"1";"65882";"1";"1"
"1";"65884";"1";"1"
"2";"65893";"4";"4"
"1";"65904";"1";"1"
"1";"65923";"1";"1"
"1";"65935";"1";"1"
"1";"65937";"1";"1"
"2";"65939";"1";"1"
"5";"65950";"4";"4"
"1";"65961";"1";"1"
"1";"65963";"1";"1"
"3";"65968";"1";"1"
"1";"65986";"1";"1"
"1";"65994";"1";"1"
"1";"66012";"1";"1"
"2";"66016";"1";"1"
"2";"66023";"1";"1"
"1";"66031";"1";"1"
"1";"66034";"1";"1"
"1";"66035";"1";"1"
"84";"66036";"4";"4"
"1";"66044";"1";"1"
"21";"66050";"4";"4"
"1";"66054";"1";"1"
"1";"66057";"1";"1"
"1";"66065";"1";"1"
"4";"66071";"4";"4"
"1";"66074";"1";"1"
"2";"66086";"1";"1"
"1";"66094";"1";"1"
"2";"66099";"4";"4"
"16";"66114";"4";"4"
"1";"66115";"1";"1"
"3";"66119";"1";"1"
"3";"66137";"1";"4"
"1";"66149";"4";"4"
"1";"66150";"1";"1"
"1";"66154";"1";"1"
"2";"66157";"1";"1"
"23";"66160";"4";"4"
"1";"66164";"1";"1"
"1";"66175";"1";"1"
"1";"66193";"1";"1"
"1";"66201";"1";"1"
"4";"66209";"1";"4"
"1";"66220";"1";"1"
"16";"66227";"4";"4"
"1";"66229";"4";"4"
"1";"66237";"1";"1"
"1";"66243";"4";"4"
"5";"66313";"4";"4"
"2";"66317";"4";"4"
"28";"66336";"4";"4"
"1";"66339";"1";"1"
"1";"66342";"1";"1"
"3";"66356";"1";"1"
"1";"66366";"1";"1"
"1";"66369";"1";"1"
"1";"66385";"4";"4"
"1";"66393";"1";"1"
"1";"66394";"1";"1"
"1";"66399";"4";"4"
"1";"66403";"1";"1"
"1";"66405";"1";"1"
"1";"66406";"1";"1"
"1";"66426";"1";"1"
"2";"66444";"4";"4"
"4";"66451";"1";"4"
"4";"66458";"1";"1"
"4";"66459";"4";"4"
"8";"66470";"4";"4"
"8";"66471";"4";"4"
"1";"66489";"1";"1"
"6";"66505";"4";"4"
"1";"66529";"1";"1"
"1";"66533";"1";"1"
"2";"66537";"1";"1"
"1";"66546";"1";"1"
"3";"66548";"4";"4"
"1";"66550";"1";"1"
"4";"66557";"4";"4"
"1";"66558";"1";"1"
"3";"66574";"1";"1"
"1";"66575";"4";"4"
"10";"66588";"4";"4"
"5";"66589";"1";"1"
"1";"66609";"1";"4"
"1";"66610";"1";"1"
"1";"66617";"1";"1"
"8";"66618";"4";"4"
"1";"66620";"1";"1"
"1";"66621";"1";"1"
"1";"66625";"1";"1"
"1";"66630";"1";"1"
"3";"66645";"1";"1"
"4";"66656";"4";"4"
"1";"66672";"1";"1"
"1";"66681";"1";"1"
"1";"66682";"1";"1"
"7";"66689";"4";"4"
"12";"66690";"4";"4"
"2";"66691";"1";"1"
"10";"66693";"4";"4"
"1";"66698";"1";"1"
"1";"66723";"4";"4"
"1";"66729";"4";"4"
"2";"66734";"1";"1"
"2";"66737";"4";"4"
"3";"66738";"4";"4"
"1";"66745";"1";"1"
"1";"66753";"1";"1"
"1";"66756";"1";"1"
"1";"66772";"1";"1"
"1";"66788";"1";"1"
"1";"66815";"1";"1"
"1";"66824";"1";"1"
"1";"66827";"1";"1"
"4";"66832";"1";"1"
"2";"66837";"4";"4"
"3";"66854";"1";"1"
"4";"66855";"1";"1"
"1";"66863";"1";"1"
"3";"66871";"4";"4"
"8";"66874";"1";"4"
"1";"66887";"1";"1"
"5";"66898";"1";"1"
"1";"66900";"1";"1"
"21";"66908";"4";"4"
"2";"66909";"1";"1"
"13";"66920";"4";"4"
"1";"66925";"1";"1"
"3";"66927";"1";"1"
"1";"66930";"1";"4"
"56";"66934";"4";"4"
"1";"66945";"1";"1"
"1";"66952";"1";"1"
"1";"66961";"1";"1"
"1";"66974";"1";"1"
"1";"66976";"1";"1"
"1";"66999";"1";"1"
"1";"67021";"1";"1"
"1";"67028";"4";"4"
"1";"67032";"1";"1"
"1";"67037";"1";"1"
"2";"67040";"1";"1"
"1";"67044";"1";"1"
"1";"67046";"1";"1"
"1";"67076";"1";"1"
"1";"67078";"1";"1"
"1";"67117";"1";"1"
"1";"67133";"1";"1"
"1";"67147";"1";"1"
"5";"67150";"4";"4"
"1";"67151";"1";"1"
"1";"67177";"1";"1"
"1";"67181";"1";"1"
"1";"67194";"1";"1"
"1";"67200";"1";"1"
"1";"67201";"1";"1"
"1";"67210";"1";"1"
"1";"67215";"1";"1"
"3";"67220";"1";"1"
"1";"67223";"1";"1"
"1";"67234";"1";"1"
"1";"67241";"1";"1"
"3";"67242";"4";"4"
"4";"67244";"4";"4"
"1";"67249";"1";"1"
"1";"67257";"1";"1"
"1";"67298";"1";"1"
"1";"67302";"1";"1"
"1";"67318";"1";"1"
"3";"67320";"4";"4"
"1";"67325";"1";"1"
"1";"67333";"1";"1"
"1";"67340";"1";"1"
"5";"67353";"4";"4"
"1";"67357";"1";"1"
"1";"67366";"1";"1"
"1";"67370";"4";"4"
"3";"67374";"1";"1"
"1";"67390";"1";"1"
"1";"67395";"4";"4"
"1";"67413";"1";"1"
"1";"67448";"1";"1"
"1";"67461";"1";"1"
"2";"67483";"1";"1"
"1";"67488";"1";"1"
"16";"67493";"4";"4"
"15";"67505";"4";"4"
"1";"67513";"1";"1"
"2";"67529";"1";"1"
"4";"67535";"1";"1"
"5";"67547";"4";"4"
"1";"67561";"1";"1"
"1";"67579";"1";"1"
"2";"67595";"4";"4"
"2";"67618";"4";"4"
"140";"67626";"4";"4"
"1";"67634";"1";"1"
"1";"67638";"1";"1"
"1";"67645";"1";"1"
"1";"67646";"1";"1"
"2";"67647";"1";"1"
"12";"67673";"4";"4"
"5";"67682";"4";"4"
"1";"67689";"1";"1"
"2";"67695";"1";"1"
"1";"67700";"1";"1"
"1";"67701";"1";"1"
"3";"67715";"1";"1"
"1";"67720";"1";"1"
"1";"67723";"1";"1"
"1";"67737";"4";"4"
"1";"67745";"1";"1"
"1";"67752";"1";"1"
"1";"67755";"1";"1"
"8";"67796";"4";"4"
"1";"67801";"1";"1"
"1";"67803";"1";"1"
"1";"67812";"4";"4"
"1";"67823";"1";"1"
"2";"67824";"1";"1"
"1";"67830";"1";"1"
"1";"67840";"4";"4"
"1";"67853";"1";"1"
"16";"67854";"4";"4"
"2";"67875";"1";"1"
"1";"67888";"4";"4"
"1";"67894";"1";"1"
"2";"67901";"1";"1"
"2";"67902";"4";"4"
"4";"67904";"4";"4"
"1";"67924";"1";"1"
"1";"67935";"1";"1"
"1";"67941";"1";"1"
"1";"67977";"4";"4"
"1";"67983";"1";"1"
"1";"67988";"1";"1"
"1";"67989";"1";"1"
"1";"67998";"1";"1"
"6";"68003";"4";"4"
"2";"68006";"1";"1"
"1";"68015";"1";"1"
"5";"68016";"4";"4"
"1";"68018";"1";"1"
"1";"68022";"1";"1"
"3";"68033";"4";"4"
"1";"68041";"1";"1"
"1";"68047";"1";"1"
"1";"68062";"1";"1"
"1";"68085";"1";"1"
"1";"68089";"1";"4"
"1";"68094";"1";"1"
"2";"68108";"4";"4"
"1";"68109";"1";"1"
"1";"68136";"1";"1"
"1";"68153";"1";"1"
"1";"68157";"1";"1"
"1";"68159";"1";"1"
"1";"68175";"1";"1"
"1";"68182";"1";"1"
"1";"68185";"1";"1"
"1";"68195";"1";"1"
"1";"68198";"4";"4"
"1";"68243";"1";"1"
"3";"68272";"1";"1"
"3";"68275";"1";"1"
"1";"68283";"1";"1"
"1";"68289";"1";"1"
"1";"68297";"1";"1"
"6";"68323";"4";"4"
"1";"68332";"1";"1"
"1";"68353";"1";"1"
"1";"68363";"1";"4"
"1";"68367";"1";"1"
"2";"68368";"1";"1"
"1";"68374";"1";"1"
"1";"68405";"1";"1"
"1";"68410";"1";"1"
"1";"68411";"1";"1"
"3";"68415";"4";"4"
"1";"68446";"1";"1"
"1";"68451";"1";"1"
"2";"68470";"1";"1"
"1";"68475";"1";"1"
"1";"68483";"1";"1"
"1";"68513";"1";"1"
"1";"68528";"1";"1"
"1";"68543";"1";"1"
"1";"68557";"1";"1"
"1";"68579";"4";"4"
"1";"68580";"1";"1"
"9";"68586";"4";"4"
"1";"68592";"1";"1"
"1";"68597";"1";"1"
"8";"68599";"4";"4"
"1";"68600";"1";"1"
"3";"68601";"4";"4"
"1";"68637";"1";"1"
"1";"68640";"1";"1"
"1";"68659";"1";"1"
"1";"68662";"1";"1"
"1";"68676";"1";"1"
"1";"68735";"1";"1"
"1";"68747";"1";"1"
"13";"68764";"4";"4"
"1";"68771";"1";"1"
"1";"68776";"4";"4"
"1";"68781";"1";"1"
"1";"68789";"1";"1"
"1";"68798";"1";"1"
"1";"68816";"1";"1"
"1";"68820";"1";"1"
"3";"68821";"1";"1"
"1";"68832";"1";"1"
"1";"68861";"1";"1"
"4";"68882";"1";"4"
"1";"68897";"1";"1"
"4";"68926";"1";"1"
"30";"68933";"4";"4"
"1";"68937";"1";"1"
"1";"68961";"1";"1"
"1";"68969";"1";"1"
"1";"69057";"1";"1"
"1";"69099";"1";"1"
"2";"69104";"1";"1"
"1";"69111";"1";"1"
"1";"69124";"1";"1"
"1";"69137";"4";"4"
"1";"69138";"1";"1"
"1";"69157";"1";"1"
"1";"69215";"1";"1"
"1";"69219";"1";"1"
"1";"69236";"1";"1"
"1";"69255";"1";"1"
"1";"69268";"1";"1"
"1";"69289";"1";"1"
"1";"69291";"4";"4"
"1";"69306";"1";"1"
"1";"69311";"1";"1"
"1";"69328";"1";"1"
"1";"69337";"1";"1"
"1";"69348";"1";"1"
"1";"69376";"1";"1"
"1";"69379";"1";"1"
"1";"69381";"4";"4"
"1";"69394";"1";"1"
"1";"69405";"1";"1"
"1";"69476";"1";"1"
"1";"69504";"1";"1"
"1";"69534";"1";"1"
"1";"69535";"1";"1"
"1";"69586";"1";"1"
"1";"69592";"1";"1"
"1";"69627";"1";"1"
"1";"69639";"4";"4"
"1";"69661";"1";"1"
"5";"69671";"4";"4"
"20";"69693";"4";"4"
"1";"69702";"4";"4"
"3";"69706";"1";"1"
"1";"69727";"1";"1"
"1";"69729";"1";"1"
"1";"69732";"1";"1"
"1";"69733";"1";"1"
"1";"69754";"1";"1"
"1";"69762";"1";"1"
"5";"69768";"4";"4"
"4";"69787";"4";"4"
"1";"69800";"1";"1"
"2";"69843";"1";"1"
"1";"69874";"1";"1"
"1";"69946";"1";"1"
"1";"69964";"1";"1"
"1";"69965";"1";"1"
"1";"69978";"1";"1"
"1";"69999";"1";"1"
"1";"70004";"1";"1"
"1";"70007";"1";"1"
"1";"70020";"1";"1"
"1";"70025";"1";"4"
"1";"70031";"1";"1"
"1";"70053";"1";"1"
"1";"70059";"1";"1"
"1";"70075";"1";"1"
"1";"70076";"1";"1"
"5";"70085";"4";"4"
"2";"70086";"1";"4"
"1";"70089";"1";"1"
"1";"70094";"1";"1"
"3";"70143";"4";"4"
"2";"70144";"1";"4"
"1";"70150";"1";"1"
"1";"70151";"1";"1"
"1";"70181";"1";"1"
"4";"70185";"4";"4"
"1";"70204";"1";"1"
"1";"70248";"1";"1"
"3";"70254";"1";"1"
"1";"70259";"1";"1"
"1";"70271";"1";"1"
"3";"70273";"4";"4"
"26";"70279";"4";"4"
"1";"70287";"1";"1"
"1";"70320";"4";"4"
"1";"70346";"1";"1"
"1";"70367";"1";"1"
"4";"70371";"1";"1"
"3";"70388";"4";"4"
"1";"70423";"1";"1"
"1";"70445";"1";"1"
"1";"70448";"1";"1"
"1";"70449";"1";"1"
"1";"70475";"4";"4"
"1";"70490";"1";"1"
"1";"70492";"1";"1"
"1";"70493";"1";"1"
"24";"70508";"4";"4"
"1";"70519";"1";"1"
"5";"70524";"4";"4"
"1";"70534";"1";"1"
"2";"70546";"1";"1"
"1";"70579";"1";"1"
"1";"70580";"1";"1"
"1";"70604";"1";"1"
"1";"70606";"1";"1"
"1";"70607";"1";"1"
"1";"70622";"1";"1"
"1";"70627";"1";"1"
"1";"70631";"1";"1"
"20";"70637";"4";"4"
"1";"70651";"1";"1"
"1";"70653";"1";"1"
"1";"70704";"1";"1"
"1";"70713";"1";"1"
"1";"70719";"1";"1"
"25";"70721";"4";"4"
"1";"70741";"1";"1"
"1";"70743";"1";"1"
"1";"70745";"1";"1"
"8";"70755";"4";"4"
"1";"70766";"1";"1"
"1";"70771";"1";"1"
"1";"70778";"1";"1"
"2";"70795";"4";"4"
"1";"70800";"1";"1"
"1";"70811";"1";"1"
"1";"70814";"1";"1"
"1";"70819";"1";"1"
"1";"70821";"1";"1"
"1";"70823";"1";"1"
"1";"70832";"1";"1"
"1";"70837";"1";"1"
"1";"70848";"1";"1"
"1";"70869";"1";"1"
"1";"70870";"1";"1"
"1";"70884";"1";"1"
"16";"70892";"4";"4"
"1";"70895";"1";"1"
"2";"70904";"4";"4"
"1";"70912";"1";"1"
"1";"70948";"1";"1"
"1";"70951";"1";"1"
"1";"70952";"1";"1"
"1";"70978";"1";"1"
"1";"70998";"1";"1"
"2";"71014";"1";"1"
"264";"71015";"4";"4"
"1";"71042";"1";"1"
"1";"71080";"1";"1"
"1";"71091";"1";"1"
"1";"71108";"1";"1"
"1";"71109";"1";"1"
"1";"71127";"1";"1"
"1";"71156";"1";"1"
"2";"71161";"1";"1"
"1";"71173";"1";"4"
"1";"71189";"1";"1"
"2";"71190";"4";"4"
"1";"71209";"1";"1"
"1";"71221";"1";"1"
"1";"71227";"1";"1"
"1";"71234";"1";"1"
"5";"71248";"1";"4"
"1";"71263";"1";"1"
"1";"71271";"1";"1"
"1";"71279";"4";"4"
"1";"71289";"1";"1"
"1";"71298";"1";"1"
"1";"71305";"1";"1"
"1";"71316";"1";"1"
"1";"71320";"1";"1"
"3";"71327";"1";"1"
"4";"71357";"4";"4"
"1";"71363";"1";"1"
"6";"71380";"1";"1"
"1";"71400";"1";"1"
"1";"71419";"1";"1"
"1";"71427";"1";"1"
"2";"71447";"1";"1"
"1";"71453";"1";"4"
"1";"71462";"1";"1"
"1";"71469";"1";"1"
"6";"71470";"4";"4"
"1";"71482";"1";"1"
"19";"71483";"4";"4"
"1";"71491";"1";"1"
"1";"71539";"4";"4"
"1";"71569";"4";"4"
"1";"71574";"1";"1"
"1";"71588";"1";"1"
"1";"71591";"1";"1"
"1";"71600";"1";"1"
"1";"71605";"1";"1"
"1";"71609";"1";"1"
"2";"71613";"1";"1"
"1";"71625";"1";"1"
"1";"71633";"1";"1"
"1";"71637";"1";"1"
"1";"71656";"1";"1"
"1";"71691";"1";"1"
"1";"71702";"1";"1"
"3";"71733";"4";"4"
"1";"71740";"1";"1"
"1";"71756";"1";"1"
"1";"71775";"4";"4"
"1";"71800";"1";"1"
"1";"71803";"1";"1"
"1";"71829";"1";"1"
"1";"71879";"1";"1"
"1";"71889";"1";"1"
"2";"71906";"1";"1"
"18";"71962";"4";"4"
"1";"71964";"1";"1"
"1";"72003";"1";"1"
"2";"72007";"1";"1"
"1";"72022";"1";"1"
"1";"72033";"4";"4"
"2";"72037";"1";"1"
"1";"72049";"1";"1"
"12";"72065";"4";"4"
"10";"72103";"4";"4"
"1";"72116";"1";"1"
"7";"72123";"4";"4"
"3";"72130";"1";"1"
"1";"72148";"1";"1"
"1";"72155";"1";"1"
"1";"72176";"1";"1"
"1";"72182";"1";"1"
"1";"72185";"1";"1"
"1";"72198";"1";"1"
"1";"72215";"1";"1"
"3";"72241";"4";"4"
"1";"72250";"1";"1"
"2";"72252";"1";"1"
"1";"72258";"1";"1"
"1";"72281";"1";"1"
"1";"72286";"1";"1"
"2";"72306";"1";"1"
"19";"72308";"4";"4"
"1";"72311";"1";"1"
"1";"72324";"1";"1"
"1";"72329";"1";"1"
"1";"72331";"1";"1"
"1";"72335";"1";"1"
"1";"72339";"4";"4"
"1";"72356";"4";"4"
"1";"72377";"1";"1"
"1";"72410";"1";"1"
"1";"72411";"1";"1"
"1";"72416";"1";"1"
"1";"72419";"1";"1"
"1";"72420";"1";"1"
"5";"72461";"4";"4"
"1";"72481";"1";"1"
"2";"72508";"1";"1"
"1";"72528";"1";"1"
"1";"72529";"1";"1"
"3";"72536";"1";"1"
"1";"72556";"1";"1"
"1";"72568";"1";"1"
"1";"72581";"1";"1"
"5";"72590";"4";"4"
"1";"72597";"1";"1"
"2";"72606";"4";"4"
"1";"72614";"1";"4"
"1";"72632";"1";"1"
"1";"72638";"1";"1"
"1";"72659";"1";"1"
"1";"72682";"1";"1"
"1";"72702";"1";"4"
"1";"72705";"1";"1"
"1";"72711";"1";"4"
"1";"72736";"1";"1"
"1";"72737";"1";"1"
"2";"72764";"1";"1"
"1";"72779";"1";"1"
"1";"72785";"4";"4"
"3";"72806";"1";"1"
"1";"72818";"1";"4"
"1";"72822";"1";"1"
"1";"72827";"1";"1"
"1";"72847";"1";"1"
"1";"72850";"1";"1"
"1";"72860";"1";"1"
"1";"72864";"1";"1"
"2";"72900";"1";"1"
"1";"72908";"1";"1"
"1";"72911";"1";"1"
"1";"72916";"1";"1"
"1";"72923";"1";"1"
"1";"72926";"1";"1"
"1";"72940";"1";"1"
"1";"72960";"1";"1"
"46";"72969";"4";"4"
"5";"72991";"1";"1"
"1";"72999";"1";"1"
"1";"73002";"1";"1"
"8";"73016";"4";"4"
"1";"73042";"1";"1"
"1";"73045";"1";"1"
"1";"73060";"1";"1"
"1";"73075";"1";"1"
"26";"73098";"4";"4"
"1";"73099";"1";"1"
"1";"73100";"1";"1"
"1";"73103";"1";"1"
"1";"73109";"1";"1"
"1";"73127";"1";"1"
"1";"73151";"1";"1"
"6";"73163";"1";"1"
"6";"73173";"4";"4"
"1";"73190";"1";"1"
"1";"73195";"1";"1"
"1";"73199";"1";"1"
"1";"73207";"1";"1"
"1";"73217";"1";"1"
"1";"73219";"1";"1"
"1";"73232";"1";"1"
"1";"73234";"1";"1"
"1";"73236";"1";"1"
"1";"73243";"1";"1"
"3";"73268";"4";"4"
"1";"73270";"1";"1"
"1";"73294";"1";"1"
"41";"73297";"4";"4"
"1";"73301";"4";"4"
"1";"73305";"1";"1"
"1";"73313";"1";"1"
"1";"73321";"1";"1"
"1";"73335";"1";"1"
"4";"73367";"4";"4"
"1";"73369";"1";"1"
"1";"73402";"1";"1"
"2";"73432";"1";"1"
"1";"73436";"1";"1"
"1";"73450";"1";"1"
"1";"73458";"1";"1"
"1";"73503";"1";"1"
"1";"73508";"1";"1"
"1";"73523";"1";"1"
"1";"73532";"1";"1"
"1";"73537";"4";"4"
"1";"73542";"1";"1"
"5";"73589";"1";"1"
"41";"73623";"4";"4"
"1";"73679";"1";"1"
"1";"73684";"1";"1"
"1";"73748";"1";"1"
"1";"73749";"4";"4"
"24";"73752";"4";"4"
"1";"73755";"1";"1"
"1";"73758";"1";"1"
"1";"73774";"1";"1"
"2";"73800";"1";"1"
"1";"73821";"1";"1"
"1";"73824";"1";"1"
"1";"73858";"1";"1"
"1";"73882";"1";"1"
"1";"73938";"1";"1"
"1";"73941";"1";"1"
"1";"73942";"1";"1"
"1";"73950";"1";"1"
"2";"73969";"1";"1"
"3";"73977";"1";"1"
"4";"74009";"4";"4"
"1";"74056";"1";"1"
"1";"74071";"1";"1"
"1";"74091";"1";"1"
"1";"74105";"1";"1"
"1";"74123";"1";"1"
"41";"74134";"4";"4"
"1";"74159";"1";"1"
"1";"74165";"1";"1"
"2";"74176";"1";"1"
"1";"74183";"1";"1"
"1";"74189";"1";"1"
"2";"74209";"1";"1"
"1";"74221";"1";"1"
"1";"74231";"1";"1"
"1";"74258";"1";"1"
"1";"74322";"1";"1"
"1";"74334";"1";"1"
"1";"74351";"1";"1"
"1";"74364";"4";"4"
"1";"74391";"1";"1"
"11";"74412";"4";"4"
"1";"74423";"1";"1"
"1";"74431";"1";"1"
"1";"74437";"1";"1"
"1";"74447";"4";"4"
"1";"74464";"1";"1"
"1";"74490";"1";"1"
"1";"74501";"1";"1"
"1";"74504";"1";"1"
"1";"74524";"1";"1"
"1";"74529";"1";"1"
"1";"74550";"1";"1"
"3";"74570";"1";"1"
"1";"74578";"1";"1"
"9";"74581";"4";"4"
"1";"74601";"4";"4"
"1";"74621";"1";"1"
"1";"74642";"1";"1"
"4";"74662";"1";"1"
"1";"74670";"1";"4"
"1";"74677";"1";"1"
"1";"74682";"1";"1"
"1";"74689";"1";"1"
"1";"74699";"1";"1"
"1";"74741";"1";"1"
"1";"74751";"1";"1"
"1";"74756";"1";"1"
"1";"74821";"1";"1"
"3";"74848";"4";"4"
"1";"74850";"1";"1"
"2";"74856";"4";"4"
"1";"74864";"1";"1"
"1";"74892";"1";"1"
"1";"74904";"1";"1"
"1";"74949";"1";"1"
"1";"74951";"1";"1"
"1";"74974";"1";"1"
"1";"74991";"1";"1"
"1";"74997";"1";"1"
"1";"75000";"1";"1"
"1";"75080";"1";"1"
"1";"75081";"1";"1"
"1";"75094";"1";"1"
"1";"75101";"1";"1"
"2";"75150";"1";"1"
"1";"75206";"1";"1"
"1";"75210";"1";"1"
"1";"75238";"1";"1"
"1";"75245";"1";"1"
"2";"75256";"1";"1"
"1";"75259";"1";"1"
"2";"75266";"1";"1"
"1";"75277";"1";"1"
"2";"75280";"1";"1"
"2";"75287";"1";"1"
"1";"75289";"1";"1"
"27";"75314";"4";"4"
"1";"75327";"1";"1"
"1";"75333";"1";"1"
"1";"75338";"1";"1"
"1";"75362";"1";"1"
"1";"75366";"1";"1"
"1";"75376";"1";"1"
"1";"75380";"1";"1"
"1";"75397";"1";"1"
"1";"75456";"1";"1"
"2";"75458";"1";"1"
"1";"75461";"1";"1"
"1";"75474";"1";"1"
"1";"75480";"1";"1"
"3";"75498";"1";"1"
"1";"75522";"1";"1"
"4";"75557";"1";"1"
"1";"75566";"1";"1"
"1";"75569";"1";"1"
"1";"75609";"4";"4"
"1";"75616";"1";"1"
"5";"75632";"1";"1"
"2";"75649";"4";"4"
"1";"75650";"4";"4"
"1";"75664";"1";"1"
"2";"75675";"1";"1"
"6";"75679";"1";"1"
"1";"75681";"1";"1"
"1";"75697";"1";"1"
"1";"75701";"1";"1"
"1";"75702";"1";"1"
"1";"75709";"1";"1"
"2";"75716";"1";"1"
"1";"75718";"1";"1"
"1";"75730";"1";"1"
"1";"75766";"1";"1"
"1";"75768";"1";"1"
"7";"75790";"4";"4"
"1";"75802";"1";"1"
"3";"75805";"4";"4"
"1";"75827";"1";"1"
"1";"75833";"1";"1"
"1";"75847";"1";"1"
"1";"75912";"1";"1"
"1";"75917";"1";"1"
"1";"75930";"1";"1"
"1";"75955";"1";"1"
"1";"75956";"1";"1"
"1";"75958";"1";"1"
"1";"75963";"1";"1"
"1";"75964";"1";"1"
"1";"75968";"1";"1"
"4";"75969";"4";"4"
"1";"75978";"1";"1"
"2";"76001";"1";"1"
"1";"76030";"1";"4"
"1";"76070";"1";"1"
"1";"76079";"1";"1"
"1";"76086";"1";"1"
"1";"76093";"1";"1"
"1";"76103";"1";"1"
"1";"76117";"1";"1"
"1";"76132";"1";"1"
"1";"76150";"1";"1"
"1";"76153";"1";"1"
"1";"76181";"1";"1"
"1";"76190";"1";"1"
"1";"76193";"1";"1"
"1";"76196";"1";"1"
"1";"76213";"1";"1"
"1";"76214";"1";"1"
"1";"76230";"1";"1"
"6";"76232";"4";"4"
"2";"76234";"1";"1"
"1";"76319";"1";"1"
"1";"76328";"1";"1"
"1";"76331";"1";"1"
"2";"76354";"1";"1"
"1";"76387";"1";"1"
"1";"76418";"1";"1"
"1";"76431";"1";"1"
"1";"76433";"1";"1"
"1";"76466";"4";"4"
"1";"76468";"1";"1"
"3";"76471";"1";"1"
"2";"76507";"1";"4"
"1";"76509";"1";"1"
"3";"76531";"4";"4"
"4";"76570";"4";"4"
"1";"76612";"1";"1"
"1";"76632";"1";"1"
"1";"76635";"1";"1"
"2";"76645";"1";"1"
"1";"76660";"1";"1"
"1";"76672";"4";"4"
"2";"76679";"1";"1"
"1";"76697";"1";"1"
"1";"76705";"1";"1"
"1";"76725";"1";"1"
"1";"76736";"1";"1"
"1";"76765";"1";"1"
"1";"76779";"1";"1"
"1";"76783";"1";"1"
"1";"76785";"1";"1"
"1";"76803";"1";"1"
"2";"76814";"1";"1"
"1";"76819";"1";"1"
"1";"76833";"1";"1"
"1";"76865";"1";"1"
"1";"76879";"1";"1"
"1";"76892";"1";"1"
"1";"76894";"1";"1"
"1";"76895";"1";"1"
"2";"76896";"1";"1"
"1";"76919";"1";"1"
"2";"76924";"1";"1"
"1";"76938";"1";"1"
"1";"76962";"1";"1"
"1";"76990";"1";"1"
"9";"76994";"4";"4"
"1";"77002";"1";"1"
"1";"77018";"1";"1"
"1";"77028";"1";"1"
"1";"77037";"4";"4"
"5";"77047";"4";"4"
"12";"77083";"1";"1"
"1";"77085";"1";"1"
"10";"77105";"4";"4"
"1";"77113";"1";"1"
"1";"77123";"1";"1"
"1";"77126";"1";"1"
"1";"77144";"1";"1"
"1";"77166";"1";"1"
"1";"77173";"1";"1"
"1";"77187";"1";"1"
"1";"77210";"1";"1"
"1";"77228";"1";"1"
"1";"77240";"1";"1"
"1";"77243";"1";"1"
"12";"77263";"4";"4"
"2";"77272";"4";"4"
"2";"77292";"1";"1"
"1";"77306";"1";"1"
"1";"77310";"1";"1"
"1";"77318";"4";"4"
"1";"77349";"1";"1"
"1";"77351";"1";"1"
"1";"77354";"1";"1"
"1";"77371";"1";"1"
"1";"77374";"1";"1"
"1";"77410";"1";"1"
"1";"77425";"1";"1"
"1";"77457";"1";"1"
"1";"77459";"1";"1"
"1";"77460";"1";"1"
"1";"77475";"1";"1"
"1";"77495";"1";"1"
"1";"77498";"1";"1"
"1";"77502";"1";"1"
"1";"77509";"1";"1"
"2";"77546";"1";"1"
"1";"77586";"1";"1"
"1";"77622";"1";"1"
"1";"77648";"1";"1"
"1";"77674";"1";"1"
"1";"77690";"1";"1"
